{
  "response_report": [
    {
      "response_file": "004-response.json",
      "token_usage": {
        "prompt": 10758,
        "candidates": 1677,
        "total": 12435,
        "cached": 0
      },
      "timing": {
        "response_time": 0.00012,
        "total_elapsed": 21.021455,
        "response_times": [
          0.000376,
          0.000134,
          0.000281,
          0.00012
        ]
      }
    },
    {
      "response_file": "001-response.json",
      "token_usage": {
        "prompt": 1669,
        "candidates": 364,
        "total": 2033,
        "cached": 0
      },
      "timing": {
        "response_time": 0.000376,
        "total_elapsed": 5.5116,
        "response_times": [
          0.000376
        ]
      }
    },
    {
      "response_file": "002-response.json",
      "token_usage": {
        "prompt": 3796,
        "candidates": 802,
        "total": 4598,
        "cached": 0
      },
      "timing": {
        "response_time": 0.000134,
        "total_elapsed": 10.99587,
        "response_times": [
          0.000376,
          0.000134
        ]
      }
    },
    {
      "response_file": "003-response.json",
      "token_usage": {
        "prompt": 7012,
        "candidates": 1239,
        "total": 8251,
        "cached": 0
      },
      "timing": {
        "response_time": 0.000281,
        "total_elapsed": 16.570266,
        "response_times": [
          0.000376,
          0.000134,
          0.000281
        ]
      }
    }
  ],
  "test_report": {
    "004": [
      {
        "example": 2,
        "input": "0 0 0 0 8 8 0\n0 0 0 0 0 8 0\n0 0 8 0 0 0 0\n0 0 8 8 0 0 0\n0 0 0 0 0 0 0\n0 0 0 0 8 0 0\n0 0 0 8 8 0 0",
        "expected_output": "0 0 0 0 8 8 0\n0 0 0 0 1 8 0\n0 0 8 1 0 0 0\n0 0 8 8 0 0 0\n0 0 0 0 0 0 0\n0 0 0 1 8 0 0\n0 0 0 8 8 0 0",
        "transformed_output": "0 0 0 0 1 1 0\n0 0 0 0 0 8 0\n0 0 1 0 0 0 0\n0 0 8 1 0 0 0\n0 0 0 0 0 0 0\n0 0 0 0 1 0 0\n0 0 0 8 8 0 0",
        "status": "FAILED",
        "size_correct": true,
        "color_palette_correct": true,
        "correct_pixel_counts": false,
        "pixels_off": 8
      }
    ],
    "002": [
      {
        "example": 2,
        "input": "0 0 0 0 8 8 0\n0 0 0 0 0 8 0\n0 0 8 0 0 0 0\n0 0 8 8 0 0 0\n0 0 0 0 0 0 0\n0 0 0 0 8 0 0\n0 0 0 8 8 0 0",
        "expected_output": "0 0 0 0 8 8 0\n0 0 0 0 1 8 0\n0 0 8 1 0 0 0\n0 0 8 8 0 0 0\n0 0 0 0 0 0 0\n0 0 0 1 8 0 0\n0 0 0 8 8 0 0",
        "transformed_output": "0 0 0 0 1 1 0\n0 0 0 0 0 8 0\n0 0 1 0 0 0 0\n0 0 8 1 0 0 0\n0 0 0 0 0 0 0\n0 0 0 0 1 0 0\n0 0 0 8 8 0 0",
        "status": "FAILED",
        "size_correct": true,
        "color_palette_correct": true,
        "correct_pixel_counts": false,
        "pixels_off": 8
      }
    ]
  }
}