{
  "response_report": [
    {
      "response_file": "001-response.json",
      "token_usage": {
        "prompt": 4991,
        "candidates": 400,
        "total": 5391,
        "cached": 0
      },
      "response_time": 7.871173
    },
    {
      "response_file": "002-response.json",
      "token_usage": {
        "prompt": 5253,
        "candidates": 698,
        "total": 5951,
        "cached": 0
      },
      "response_time": 8.139905
    }
  ],
  "test_report": {
    "002-py_01-test": [
      {
        "example": 1,
        "input": "0 1 1 1 1 1 0 0 0 0 0 0 0\n0 1 1 1 1 1 0 0 1 1 1 0 0\n0 1 1 1 1 1 0 0 1 1 1 0 0\n0 1 1 1 1 1 0 0 1 1 1 0 0\n0 0 0 0 0 0 0 0 0 0 0 0 0\n0 0 2 2 2 2 2 2 0 0 0 0 0\n0 0 2 2 2 2 2 2 0 0 0 0 0\n0 0 2 2 2 2 2 2 0 3 3 3 3\n0 0 2 2 2 2 2 2 0 3 3 3 3\n0 0 2 2 2 2 2 2 0 3 3 3 3\n0 0 2 2 2 2 2 2 0 3 3 3 3\n0 0 0 0 0 0 0 0 0 3 3 3 3\n0 0 0 0 0 0 0 0 0 3 3 3 3\n0 0 0 0 0 0 0 0 0 3 3 3 3",
        "expected_output": "0 1 1 1 1 1 0 0 0 0 0 0 0\n0 1 8 8 8 1 0 0 1 1 1 0 0\n0 1 8 8 8 1 0 0 1 8 1 0 0\n0 1 1 1 1 1 0 0 1 1 1 0 0\n0 0 0 0 0 0 0 0 0 0 0 0 0\n0 0 2 2 2 2 2 2 0 0 0 0 0\n0 0 2 8 8 8 8 2 0 0 0 0 0\n0 0 2 8 8 8 8 2 0 3 3 3 3\n0 0 2 8 8 8 8 2 0 3 8 8 3\n0 0 2 8 8 8 8 2 0 3 8 8 3\n0 0 2 2 2 2 2 2 0 3 8 8 3\n0 0 0 0 0 0 0 0 0 3 8 8 3\n0 0 0 0 0 0 0 0 0 3 8 8 3\n0 0 0 0 0 0 0 0 0 3 3 3 3",
        "transformed_output": "0 1 1 1 1 1 0 0 0 0 0 0 0\n0 1 8 8 8 1 0 0 1 1 1 0 0\n0 1 8 8 8 1 0 0 1 8 1 0 0\n0 1 1 1 1 1 0 0 1 1 1 0 0\n0 0 0 0 0 0 0 0 0 0 0 0 0\n0 0 2 2 2 2 2 2 0 0 0 0 0\n0 0 2 8 8 8 8 2 0 0 0 0 0\n0 0 2 8 8 8 8 2 0 3 3 3 3\n0 0 2 8 8 8 8 2 0 3 8 8 3\n0 0 2 8 8 8 8 2 0 3 8 8 3\n0 0 2 2 2 2 2 2 0 3 8 8 3\n0 0 0 0 0 0 0 0 0 3 8 8 3\n0 0 0 0 0 0 0 0 0 3 8 8 3\n0 0 0 0 0 0 0 0 0 3 3 3 3",
        "match": true,
        "size_correct": true,
        "color_palette_correct": true,
        "correct_pixel_counts": true,
        "pixels_off": 0,
        "percent_correct": 100.0
      }
    ],
    "002-py_01-train": [
      {
        "example": 1,
        "input": "0 0 0 0 0 0 0 0 0 0 0 0 0 0 0\n0 0 2 2 2 2 2 0 0 0 1 1 1 0 0\n0 0 2 2 2 2 2 0 0 0 1 1 1 0 0\n0 0 2 2 2 2 2 0 0 0 1 1 1 0 0\n0 0 2 2 2 2 2 0 0 0 0 0 0 0 0\n0 0 2 2 2 2 2 0 0 0 0 0 0 0 0\n0 0 2 2 2 2 2 0 0 0 0 0 0 0 0\n0 0 0 0 0 0 0 0 0 0 0 0 0 0 0\n0 0 0 0 0 0 0 0 3 3 3 3 3 3 3\n0 0 0 0 0 0 0 0 3 3 3 3 3 3 3\n0 0 0 0 0 0 0 0 3 3 3 3 3 3 3\n0 0 0 0 0 0 0 0 3 3 3 3 3 3 3\n0 0 0 0 0 0 0 0 3 3 3 3 3 3 3",
        "expected_output": "0 0 0 0 0 0 0 0 0 0 0 0 0 0 0\n0 0 2 2 2 2 2 0 0 0 1 1 1 0 0\n0 0 2 8 8 8 2 0 0 0 1 8 1 0 0\n0 0 2 8 8 8 2 0 0 0 1 1 1 0 0\n0 0 2 8 8 8 2 0 0 0 0 0 0 0 0\n0 0 2 8 8 8 2 0 0 0 0 0 0 0 0\n0 0 2 2 2 2 2 0 0 0 0 0 0 0 0\n0 0 0 0 0 0 0 0 0 0 0 0 0 0 0\n0 0 0 0 0 0 0 0 3 3 3 3 3 3 3\n0 0 0 0 0 0 0 0 3 8 8 8 8 8 3\n0 0 0 0 0 0 0 0 3 8 8 8 8 8 3\n0 0 0 0 0 0 0 0 3 8 8 8 8 8 3\n0 0 0 0 0 0 0 0 3 3 3 3 3 3 3",
        "transformed_output": "0 0 0 0 0 0 0 0 0 0 0 0 0 0 0\n0 0 2 2 2 2 2 0 0 0 1 1 1 0 0\n0 0 2 8 8 8 2 0 0 0 1 8 1 0 0\n0 0 2 8 8 8 2 0 0 0 1 1 1 0 0\n0 0 2 8 8 8 2 0 0 0 0 0 0 0 0\n0 0 2 8 8 8 2 0 0 0 0 0 0 0 0\n0 0 2 2 2 2 2 0 0 0 0 0 0 0 0\n0 0 0 0 0 0 0 0 0 0 0 0 0 0 0\n0 0 0 0 0 0 0 0 3 3 3 3 3 3 3\n0 0 0 0 0 0 0 0 3 8 8 8 8 8 3\n0 0 0 0 0 0 0 0 3 8 8 8 8 8 3\n0 0 0 0 0 0 0 0 3 8 8 8 8 8 3\n0 0 0 0 0 0 0 0 3 3 3 3 3 3 3",
        "match": true,
        "size_correct": true,
        "color_palette_correct": true,
        "correct_pixel_counts": true,
        "pixels_off": 0,
        "percent_correct": 100.0
      },
      {
        "example": 2,
        "input": "0 0 0 0 0 0 0 0 0 0 0\n0 2 2 2 2 0 0 0 0 0 0\n0 2 2 2 2 0 0 0 0 0 0\n0 2 2 2 2 0 0 0 0 0 0\n0 2 2 2 2 0 0 0 0 0 0\n0 0 0 0 0 0 0 0 0 0 0\n0 0 0 0 0 0 0 0 0 0 0\n0 0 1 1 1 1 1 1 0 0 0\n0 0 1 1 1 1 1 1 0 0 0\n0 0 1 1 1 1 1 1 0 0 0\n0 0 0 0 0 0 0 0 0 0 0\n0 0 0 0 0 0 0 0 0 0 0",
        "expected_output": "0 0 0 0 0 0 0 0 0 0 0\n0 2 2 2 2 0 0 0 0 0 0\n0 2 8 8 2 0 0 0 0 0 0\n0 2 8 8 2 0 0 0 0 0 0\n0 2 2 2 2 0 0 0 0 0 0\n0 0 0 0 0 0 0 0 0 0 0\n0 0 0 0 0 0 0 0 0 0 0\n0 0 1 1 1 1 1 1 0 0 0\n0 0 1 8 8 8 8 1 0 0 0\n0 0 1 1 1 1 1 1 0 0 0\n0 0 0 0 0 0 0 0 0 0 0\n0 0 0 0 0 0 0 0 0 0 0",
        "transformed_output": "0 0 0 0 0 0 0 0 0 0 0\n0 2 2 2 2 0 0 0 0 0 0\n0 2 8 8 2 0 0 0 0 0 0\n0 2 8 8 2 0 0 0 0 0 0\n0 2 2 2 2 0 0 0 0 0 0\n0 0 0 0 0 0 0 0 0 0 0\n0 0 0 0 0 0 0 0 0 0 0\n0 0 1 1 1 1 1 1 0 0 0\n0 0 1 8 8 8 8 1 0 0 0\n0 0 1 1 1 1 1 1 0 0 0\n0 0 0 0 0 0 0 0 0 0 0\n0 0 0 0 0 0 0 0 0 0 0",
        "match": true,
        "size_correct": true,
        "color_palette_correct": true,
        "correct_pixel_counts": true,
        "pixels_off": 0,
        "percent_correct": 100.0
      },
      {
        "example": 3,
        "input": "0 0 0 0 0 0 0 0 0 0 0 0 0\n0 0 0 0 0 0 2 2 2 2 0 0 0\n3 3 3 3 0 0 2 2 2 2 0 0 0\n3 3 3 3 0 0 2 2 2 2 0 0 0\n3 3 3 3 0 0 2 2 2 2 0 0 0\n3 3 3 3 0 0 2 2 2 2 0 0 0\n0 0 0 0 0 0 2 2 2 2 0 0 0\n0 0 0 0 0 0 0 0 0 0 0 0 0\n0 0 1 1 1 1 1 1 1 1 0 0 0\n0 0 1 1 1 1 1 1 1 1 0 0 0\n0 0 1 1 1 1 1 1 1 1 0 0 0\n0 0 1 1 1 1 1 1 1 1 0 0 0",
        "expected_output": "0 0 0 0 0 0 0 0 0 0 0 0 0\n0 0 0 0 0 0 2 2 2 2 0 0 0\n3 3 3 3 0 0 2 8 8 2 0 0 0\n3 8 8 3 0 0 2 8 8 2 0 0 0\n3 8 8 3 0 0 2 8 8 2 0 0 0\n3 3 3 3 0 0 2 8 8 2 0 0 0\n0 0 0 0 0 0 2 2 2 2 0 0 0\n0 0 0 0 0 0 0 0 0 0 0 0 0\n0 0 1 1 1 1 1 1 1 1 0 0 0\n0 0 1 8 8 8 8 8 8 1 0 0 0\n0 0 1 8 8 8 8 8 8 1 0 0 0\n0 0 1 1 1 1 1 1 1 1 0 0 0",
        "transformed_output": "0 0 0 0 0 0 0 0 0 0 0 0 0\n0 0 0 0 0 0 2 2 2 2 0 0 0\n3 3 3 3 0 0 2 8 8 2 0 0 0\n3 8 8 3 0 0 2 8 8 2 0 0 0\n3 8 8 3 0 0 2 8 8 2 0 0 0\n3 3 3 3 0 0 2 8 8 2 0 0 0\n0 0 0 0 0 0 2 2 2 2 0 0 0\n0 0 0 0 0 0 0 0 0 0 0 0 0\n0 0 1 1 1 1 1 1 1 1 0 0 0\n0 0 1 8 8 8 8 8 8 1 0 0 0\n0 0 1 8 8 8 8 8 8 1 0 0 0\n0 0 1 1 1 1 1 1 1 1 0 0 0",
        "match": true,
        "size_correct": true,
        "color_palette_correct": true,
        "correct_pixel_counts": true,
        "pixels_off": 0,
        "percent_correct": 100.0
      }
    ]
  },
  "best_train_results": {
    "passed": 3,
    "total": 3
  },
  "best_test_results": {
    "passed": 1,
    "total": 1
  },
  "test_solved": true
}