{
  "response_report": [
    {
      "response_file": "001-response.json",
      "token_usage": {
        "prompt": 115696,
        "candidates": 16930,
        "total": 132626,
        "cached": 0
      },
      "timing": {
        "response_time": 0.000291,
        "total_elapsed": 319.994632,
        "response_times": [
          0.00036,
          0.000118,
          0.000292,
          0.000129,
          0.000292,
          0.000141,
          0.000174,
          0.000116,
          0.000376,
          0.000135,
          0.00031,
          0.000288,
          0.000116,
          0.000123,
          0.00015,
          0.000119,
          0.000332,
          0.000117,
          0.000317,
          0.000118,
          0.000325,
          0.000114,
          0.000378,
          0.00012,
          0.000226,
          0.000122,
          0.000286,
          0.00012,
          0.000313,
          0.000163,
          0.000291
        ]
      }
    },
    {
      "response_file": "002-response.json",
      "token_usage": {
        "prompt": 117717,
        "candidates": 17260,
        "total": 134977,
        "cached": 0
      },
      "timing": {
        "response_time": 0.000112,
        "total_elapsed": 324.135074,
        "response_times": [
          0.00036,
          0.000118,
          0.000292,
          0.000129,
          0.000292,
          0.000141,
          0.000174,
          0.000116,
          0.000376,
          0.000135,
          0.00031,
          0.000288,
          0.000116,
          0.000123,
          0.00015,
          0.000119,
          0.000332,
          0.000117,
          0.000317,
          0.000118,
          0.000325,
          0.000114,
          0.000378,
          0.00012,
          0.000226,
          0.000122,
          0.000286,
          0.00012,
          0.000313,
          0.000163,
          0.000291,
          0.000112
        ]
      }
    },
    {
      "response_file": "003-response.json",
      "token_usage": {
        "prompt": 120582,
        "candidates": 18183,
        "total": 138765,
        "cached": 0
      },
      "timing": {
        "response_time": 0.000116,
        "total_elapsed": 346.718212,
        "response_times": [
          0.00036,
          0.000118,
          0.000292,
          0.000129,
          0.000292,
          0.000141,
          0.000174,
          0.000116,
          0.000376,
          0.000135,
          0.00031,
          0.000288,
          0.000116,
          0.000123,
          0.00015,
          0.000119,
          0.000332,
          0.000117,
          0.000317,
          0.000118,
          0.000325,
          0.000114,
          0.000378,
          0.00012,
          0.000226,
          0.000122,
          0.000286,
          0.00012,
          0.000313,
          0.000163,
          0.000291,
          0.000112,
          0.000116
        ]
      }
    },
    {
      "response_file": "004-response.json",
      "token_usage": {
        "prompt": 124464,
        "candidates": 18603,
        "total": 143067,
        "cached": 0
      },
      "timing": {
        "response_time": 0.000123,
        "total_elapsed": 351.171209,
        "response_times": [
          0.00036,
          0.000118,
          0.000292,
          0.000129,
          0.000292,
          0.000141,
          0.000174,
          0.000116,
          0.000376,
          0.000135,
          0.00031,
          0.000288,
          0.000116,
          0.000123,
          0.00015,
          0.000119,
          0.000332,
          0.000117,
          0.000317,
          0.000118,
          0.000325,
          0.000114,
          0.000378,
          0.00012,
          0.000226,
          0.000122,
          0.000286,
          0.00012,
          0.000313,
          0.000163,
          0.000291,
          0.000112,
          0.000116,
          0.000123
        ]
      }
    },
    {
      "response_file": "005-response.json",
      "token_usage": {
        "prompt": 129280,
        "candidates": 19392,
        "total": 148672,
        "cached": 0
      },
      "timing": {
        "response_time": 0.000116,
        "total_elapsed": 358.236472,
        "response_times": [
          0.00036,
          0.000118,
          0.000292,
          0.000129,
          0.000292,
          0.000141,
          0.000174,
          0.000116,
          0.000376,
          0.000135,
          0.00031,
          0.000288,
          0.000116,
          0.000123,
          0.00015,
          0.000119,
          0.000332,
          0.000117,
          0.000317,
          0.000118,
          0.000325,
          0.000114,
          0.000378,
          0.00012,
          0.000226,
          0.000122,
          0.000286,
          0.00012,
          0.000313,
          0.000163,
          0.000291,
          0.000112,
          0.000116,
          0.000123,
          0.000116
        ]
      }
    },
    {
      "response_file": "006-response.json",
      "token_usage": {
        "prompt": 134979,
        "candidates": 19788,
        "total": 154767,
        "cached": 0
      },
      "timing": {
        "response_time": 0.000117,
        "total_elapsed": 361.957292,
        "response_times": [
          0.00036,
          0.000118,
          0.000292,
          0.000129,
          0.000292,
          0.000141,
          0.000174,
          0.000116,
          0.000376,
          0.000135,
          0.00031,
          0.000288,
          0.000116,
          0.000123,
          0.00015,
          0.000119,
          0.000332,
          0.000117,
          0.000317,
          0.000118,
          0.000325,
          0.000114,
          0.000378,
          0.00012,
          0.000226,
          0.000122,
          0.000286,
          0.00012,
          0.000313,
          0.000163,
          0.000291,
          0.000112,
          0.000116,
          0.000123,
          0.000116,
          0.000117
        ]
      }
    }
  ],
  "test_report": {
    "002": [
      {
        "example": 1,
        "input": "1 0 0 5 0 1 0\n0 1 0 5 1 1 1\n1 0 0 5 0 0 0",
        "expected_output": "0 0 0\n0 2 0\n0 0 0",
        "transformed_output": "0 0 0\n0 2 0\n0 0 0",
        "status": "PASSED",
        "size_correct": true,
        "color_palette_correct": true,
        "correct_pixel_counts": true,
        "pixels_off": 0
      },
      {
        "example": 2,
        "input": "1 1 0 5 0 1 0\n0 0 1 5 1 1 1\n1 1 0 5 0 1 0",
        "expected_output": "0 2 0\n0 0 2\n0 2 0",
        "transformed_output": "0 0 0\n0 2 0\n0 0 0",
        "status": "FAILED",
        "size_correct": true,
        "color_palette_correct": true,
        "correct_pixel_counts": false,
        "pixels_off": 4
      },
      {
        "example": 3,
        "input": "0 0 1 5 0 0 0\n1 1 0 5 1 0 1\n0 1 1 5 1 0 1",
        "expected_output": "0 0 0\n2 0 0\n0 0 2",
        "transformed_output": "0 0 0\n0 2 0\n0 0 0",
        "status": "FAILED",
        "size_correct": true,
        "color_palette_correct": true,
        "correct_pixel_counts": false,
        "pixels_off": 3
      }
    ],
    "003": [
      {
        "example": 1,
        "input": "1 0 0 5 0 1 0\n0 1 0 5 1 1 1\n1 0 0 5 0 0 0",
        "expected_output": "0 0 0\n0 2 0\n0 0 0",
        "transformed_output": "0 2 0\n0 0 2\n0 2 0",
        "status": "FAILED",
        "size_correct": true,
        "color_palette_correct": true,
        "correct_pixel_counts": false,
        "pixels_off": 4
      },
      {
        "example": 2,
        "input": "1 1 0 5 0 1 0\n0 0 1 5 1 1 1\n1 1 0 5 0 1 0",
        "expected_output": "0 2 0\n0 0 2\n0 2 0",
        "transformed_output": "0 2 0\n0 0 2\n0 2 0",
        "status": "PASSED",
        "size_correct": true,
        "color_palette_correct": true,
        "correct_pixel_counts": true,
        "pixels_off": 0
      },
      {
        "example": 3,
        "input": "0 0 1 5 0 0 0\n1 1 0 5 1 0 1\n0 1 1 5 1 0 1",
        "expected_output": "0 0 0\n2 0 0\n0 0 2",