{
  "response_report": [
    {
      "response_file": "001-response.json",
      "token_usage": {
        "prompt": 91074,
        "candidates": 13876,
        "total": 104950,
        "cached": 0
      },
      "timing": {
        "response_time": 0.000226,
        "total_elapsed": 245.137496,
        "response_times": [
          0.00036,
          0.000118,
          0.000292,
          0.000129,
          0.000292,
          0.000141,
          0.000174,
          0.000116,
          0.000376,
          0.000135,
          0.00031,
          0.000288,
          0.000116,
          0.000123,
          0.00015,
          0.000119,
          0.000332,
          0.000117,
          0.000317,
          0.000118,
          0.000325,
          0.000114,
          0.000378,
          0.00012,
          0.000226
        ]
      }
    },
    {
      "response_file": "002-response.json",
      "token_usage": {
        "prompt": 93587,
        "candidates": 14438,
        "total": 108025,
        "cached": 0
      },
      "timing": {
        "response_time": 0.000122,
        "total_elapsed": 251.354012,
        "response_times": [
          0.00036,
          0.000118,
          0.000292,
          0.000129,
          0.000292,
          0.000141,
          0.000174,
          0.000116,
          0.000376,
          0.000135,
          0.00031,
          0.000288,
          0.000116,
          0.000123,
          0.00015,
          0.000119,
          0.000332,
          0.000117,
          0.000317,
          0.000118,
          0.000325,
          0.000114,
          0.000378,
          0.00012,
          0.000226,
          0.000122
        ]
      }
    },
    {
      "response_file": "003-response.json",
      "token_usage": {
        "prompt": 97436,
        "candidates": 14960,
        "total": 112396,
        "cached": 0
      },
      "timing": {
        "response_time": 0.000286,
        "total_elapsed": 297.539223,
        "response_times": [
          0.00036,
          0.000118,
          0.000292,
          0.000129,
          0.000292,
          0.000141,
          0.000174,
          0.000116,
          0.000376,
          0.000135,
          0.00031,
          0.000288,
          0.000116,
          0.000123,
          0.00015,
          0.000119,
          0.000332,
          0.000117,
          0.000317,
          0.000118,
          0.000325,
          0.000114,
          0.000378,
          0.00012,
          0.000226,
          0.000122,
          0.000286
        ]
      }
    },
    {
      "response_file": "004-response.json",
      "token_usage": {
        "prompt": 101899,
        "candidates": 15607,
        "total": 117506,
        "cached": 0
      },
      "timing": {
        "response_time": 0.00012,
        "total_elapsed": 304.11148,
        "response_times": [
          0.00036,
          0.000118,
          0.000292,
          0.000129,
          0.000292,
          0.000141,
          0.000174,
          0.000116,
          0.000376,
          0.000135,
          0.00031,
          0.000288,
          0.000116,
          0.000123,
          0.00015,
          0.000119,
          0.000332,
          0.000117,
          0.000317,
          0.000118,
          0.000325,
          0.000114,
          0.000378,
          0.00012,
          0.000226,
          0.000122,
          0.000286,
          0.00012
        ]
      }
    },
    {
      "response_file": "005-response.json",
      "token_usage": {
        "prompt": 107751,
        "candidates": 16076,
        "total": 123827,
        "cached": 0
      },
      "timing": {
        "response_time": 0.000313,
        "total_elapsed": 309.398077,
        "response_times": [
          0.00036,
          0.000118,
          0.000292,
          0.000129,
          0.000292,
          0.000141,
          0.000174,
          0.000116,
          0.000376,
          0.000135,
          0.00031,
          0.000288,
          0.000116,
          0.000123,
          0.00015,
          0.000119,
          0.000332,
          0.000117,
          0.000317,
          0.000118,
          0.000325,
          0.000114,
          0.000378,
          0.00012,
          0.000226,
          0.000122,
          0.000286,
          0.00012,
          0.000313
        ]
      }
    },
    {
      "response_file": "006-response.json",
      "token_usage": {
        "prompt": 114163,
        "candidates": 16536,
        "total": 130699,
        "cached": 0
      },
      "timing": {
        "response_time": 0.000163,
        "total_elapsed": 314.4426,
        "response_times": [
          0.00036,
          0.000118,
          0.000292,
          0.000129,
          0.000292,
          0.000141,
          0.000174,
          0.000116,
          0.000376,
          0.000135,
          0.00031,
          0.000288,
          0.000116,
          0.000123,
          0.00015,
          0.000119,
          0.000332,
          0.000117,
          0.000317,
          0.000118,
          0.000325,
          0.000114,
          0.000378,
          0.00012,
          0.000226,
          0.000122,
          0.000286,
          0.00012,
          0.000313,
          0.000163
        ]
      }
    }
  ],
  "test_report": {
    "002": [
      {
        "example": 1,
        "input": "0 0 0 0 0 0 0 0 0 0 0\n0 0 5 5 0 0 0 0 0 0 0\n0 0 5 5 5 5 5 0 0 0 0\n0 0 0 5 5 5 0 0 0 0 0\n0 0 0 5 5 5 5 5 0 0 0\n0 0 0 5 0 0 5 5 0 0 0\n0 0 0 0 0 5 5 5 0 0 0\n0 0 0 0 0 0 0 0 0 0 0\n0 0 0 0 0 0 0 0 0 0 0",
        "expected_output": "0 0 0 0 0 0 0 0 0 0 0\n0 0 8 8 0 0 0 0 0 0 0\n0 0 8 8 2 2 2 0 0 0 0\n0 0 0 2 8 8 0 0 0 0 0\n0 0 0 2 8 8 8 8 0 0 0\n0 0 0 2 0 0 8 8 0 0 0\n0 0 0 0 0 2 2 2 0 0 0\n0 0 0 0 0 0 0 0 0 0 0\n0 0 0 0 0 0 0 0 0 0 0",
        "transformed_output": "0 0 0 0 0 0 0 0 0 0 0\n0 0 8 8 0 0 0 0 0 0 0\n0 0 8 8 8 8 8 0 0 0 0\n0 0 0 5 2 2 0 0 0 0 0\n0 0 0 5 2 2 2 5 0 0 0\n0 0 0 5 0 0 2 8 0 0 0\n0 0 0 0 0 2 2 5 0 0 0\n0 0 0 0 0 0 0 0 0 0 0\n0 0 0 0 0 0 0 0 0 0 0",
        "status": "FAILED",
        "size_correct": true,
        "color_palette_correct": false,
        "correct_pixel_counts": false,
        "pixels_off": 14
      },
      {
        "example": 2,
        "input": "0 0 0 0 0 0 0 0 0 0\n0 5 5 5 5 5 5 0 0 0\n0 5 5 5 5 5 5 0 0 0\n0 0 0 5 0 0 5 0 0 0\n0 0 0 0 5 5 5 0 0 0\n0 0 0 0 5 5 5 0 0 0\n0 0 0 0 5 0 0 0 0 0\n0 0 0 0 0 0 0 0 0 0",
        "expected_output": "0 0 0 0 0 0 0 0 0 0\n0 8 8 2 8 8 2 0 0 0\n0 8 8 2 8 8 2 0 0 0\n0 0 0 2 0 0 2 0 0 0\n0 0 0 0 2 8 8 0 0 0\n0 0 0 0 2 8 8 0 0 0\n0 0 0 0 2 0 0 0 0 0\n0 0 0 0 0 0 0 0 0 0",
        "transformed_output": "0 0 0 0 0 0 0 0 0 0\n0 8 8 5 5 5 5 0 0 0\n0 8 8 8 8 8 8 0 0 0\n0 0 0 2 0 0 5 0 0 0\n0 0 0 0 5 5 5 0 0 0\n0 0 0 0 8 8 5 0 0 0\n0 0 0 0 5 0 0 0 0 0\n0 0 0 0 0 0 0 0 0 0",
        "status": "FAILED",
        "size_correct": true,
        "color_palette_correct": false,
        "correct_pixel_counts": false,
        "pixels_off": 13
      },
      {
        "example": 3,
        "input": "0 0 0 0 0 0 0 0 0\n0 5 5 5 5 5 0 0 0\n0 0 0 0 5 5 0 0 0\n0 0 0 5 0 0 0 0 0\n0 0 0 5 5 5 0 0 0\n0 0 0 5 5 5 0 0 0\n0 0 0 0 0 0 0 0 0\n0 0 0 0 0 0 0 0 0",
        "expected_output": "0 0 0 0 0 0 0 0 0\n0 2 2 2 8 8 0 0 0\n0 0 0 0 8 8 0 0 0\n0 0 0 2 0 0 0 0 0\n0 0 0 2 8 8 0 0 0\n0 0 0 2 8 8 0 0 0\n0 0 0 0 0 0 0 0 0\n0 0 0 0 0 0 0 0 0",
        "transformed_output": "0 0 0 0 0 0 0 0 0\n0 8 8 5 5 5 0 0 0\n0 0 0 0 8 8 0 0 0\n0 0 0 2 0 0 0 0 0\n0 0 0 2 2 8 0 0 0\n0 0 0 2 2 5 0 0 0\n0 0 0 0 0 0 0 0 0\n0 0 0 0 0 0 0 0 0",
        "status": "FAILED",
        "size_correct": true,
        "color_palette_correct": false,
        "correct_pixel_counts": false,
        "pixels_off": 8
      }
    ],
    "004": [
      {
        "example": 1,
        "input": "0 0 0 0 0 0 0 0 0 0 0\n0 0 5 5 0 0 0 0 0 0 0\n0 0 5 5 5 5 5 0 0 0 0\n0 0 0 5 5 5 0 0 0 0 0\n0 0 0 5 5 5 5 5 0 0 0\n0 0 0 5 0 0 5 5 0 0 0\n0 0 0 0 0 5 5 5 0 0 0\n0 0 0 0 0 0 0 0 0 0 0\n0 0 0 0 0 0 0 0 0 0 0",