{
  "response_report": [
    {
      "response_file": "001-response.json",
      "token_usage": {
        "prompt": 4963,
        "candidates": 339,
        "total": 5302,
        "cached": 0
      },
      "response_time": 6.942096
    },
    {
      "response_file": "002-response.json",
      "token_usage": {
        "prompt": 5163,
        "candidates": 807,
        "total": 5970,
        "cached": 0
      },
      "response_time": 9.878434
    }
  ],
  "test_report": {
    "002-py_01-test": [
      {
        "example": 1,
        "input": "0 0 0 0 0 0 0 0 0 0 0 0 0 0 0 0 0 0 0\n0 8 8 8 8 8 8 0 0 0 0 6 6 6 6 0 0 0 0\n0 8 8 8 8 8 8 0 0 0 0 6 6 6 6 0 0 0 0\n0 8 8 8 8 8 8 0 0 0 0 6 6 6 6 0 0 0 0\n0 0 0 0 0 0 0 0 0 0 0 0 0 0 0 0 0 0 0\n0 0 4 4 4 4 4 4 0 0 0 0 0 0 0 0 0 0 0\n0 0 4 4 4 4 4 4 0 0 1 1 1 1 1 1 1 1 0\n0 0 4 4 4 4 4 4 0 0 1 1 1 1 1 1 1 1 0\n0 0 4 4 4 4 4 4 0 0 1 1 1 1 1 1 1 1 0\n0 0 4 4 4 4 4 4 0 0 1 1 1 1 1 1 1 1 0\n0 0 4 4 4 4 4 4 0 0 1 1 1 1 1 1 1 1 0\n0 0 4 4 4 4 4 4 0 0 1 1 1 1 1 1 1 1 0\n0 0 0 0 0 0 0 0 0 0 0 0 0 0 0 0 0 0 0\n0 0 0 0 0 3 3 3 3 3 0 0 0 0 0 0 0 0 0\n0 0 0 0 0 3 3 3 3 3 0 0 0 0 0 0 0 0 0\n0 0 0 0 0 3 3 3 3 3 0 0 0 0 0 0 0 0 0\n0 0 0 0 0 0 0 0 0 0 0 0 0 0 0 0 0 0 0",
        "expected_output": "0 0 0 0 0 0 0 0 0 0 0 0 0 0 0 0 0 0 0\n0 8 8 8 8 8 8 0 0 0 0 6 6 6 6 0 0 0 0\n0 8 0 0 0 0 8 0 0 0 0 6 0 0 6 0 0 0 0\n0 8 8 8 8 8 8 0 0 0 0 6 6 6 6 0 0 0 0\n0 0 0 0 0 0 0 0 0 0 0 0 0 0 0 0 0 0 0\n0 0 4 4 4 4 4 4 0 0 0 0 0 0 0 0 0 0 0\n0 0 4 0 0 0 0 4 0 0 1 1 1 1 1 1 1 1 0\n0 0 4 0 0 0 0 4 0 0 1 0 0 0 0 0 0 1 0\n0 0 4 0 0 0 0 4 0 0 1 0 0 0 0 0 0 1 0\n0 0 4 0 0 0 0 4 0 0 1 0 0 0 0 0 0 1 0\n0 0 4 0 0 0 0 4 0 0 1 0 0 0 0 0 0 1 0\n0 0 4 4 4 4 4 4 0 0 1 1 1 1 1 1 1 1 0\n0 0 0 0 0 0 0 0 0 0 0 0 0 0 0 0 0 0 0\n0 0 0 0 0 3 3 3 3 3 0 0 0 0 0 0 0 0 0\n0 0 0 0 0 3 0 0 0 3 0 0 0 0 0 0 0 0 0\n0 0 0 0 0 3 3 3 3 3 0 0 0 0 0 0 0 0 0\n0 0 0 0 0 0 0 0 0 0 0 0 0 0 0 0 0 0 0",
        "transformed_output": "0 0 0 0 0 0 0 0 0 0 0 0 0 0 0 0 0 0 0\n0 8 8 8 8 8 8 0 0 0 0 6 6 6 6 0 0 0 0\n0 8 0 0 0 0 8 0 0 0 0 6 0 0 6 0 0 0 0\n0 8 8 8 8 8 8 0 0 0 0 6 6 6 6 0 0 0 0\n0 0 0 0 0 0 0 0 0 0 0 0 0 0 0 0 0 0 0\n0 0 4 4 4 4 4 4 0 0 0 0 0 0 0 0 0 0 0\n0 0 4 0 0 0 0 4 0 0 1 1 1 1 1 1 1 1 0\n0 0 4 0 0 0 0 4 0 0 1 0 0 0 0 0 0 1 0\n0 0 4 0 0 0 0 4 0 0 1 0 0 0 0 0 0 1 0\n0 0 4 0 0 0 0 4 0 0 1 0 0 0 0 0 0 1 0\n0 0 4 0 0 0 0 4 0 0 1 0 0 0 0 0 0 1 0\n0 0 4 4 4 4 4 4 0 0 1 1 1 1 1 1 1 1 0\n0 0 0 0 0 0 0 0 0 0 0 0 0 0 0 0 0 0 0\n0 0 0 0 0 3 3 3 3 3 0 0 0 0 0 0 0 0 0\n0 0 0 0 0 3 0 0 0 3 0 0 0 0 0 0 0 0 0\n0 0 0 0 0 3 3 3 3 3 0 0 0 0 0 0 0 0 0\n0 0 0 0 0 0 0 0 0 0 0 0 0 0 0 0 0 0 0",
        "match": true,
        "size_correct": true,
        "color_palette_correct": true,
        "correct_pixel_counts": true,
        "pixels_off": 0,
        "percent_correct": 100.0
      }
    ],
    "002-py_01-train": [
      {
        "example": 1,
        "input": "0 0 0 0 0 0 0 0 0 0 0 0 0 0 0 0\n0 8 8 8 8 0 0 0 0 0 0 0 0 0 0 0\n0 8 8 8 8 0 0 0 0 0 0 0 0 0 0 0\n0 8 8 8 8 0 3 3 3 3 3 3 3 0 0 0\n0 0 0 0 0 0 3 3 3 3 3 3 3 0 0 0\n0 0 0 0 0 0 3 3 3 3 3 3 3 0 0 0\n0 0 0 0 0 0 3 3 3 3 3 3 3 0 0 0\n0 0 0 0 0 0 3 3 3 3 3 3 3 0 0 0\n0 0 0 0 0 0 0 0 0 0 0 0 0 0 0 0\n0 0 0 0 0 0 0 0 0 0 0 0 0 0 0 0\n0 0 6 6 6 6 6 6 6 0 0 0 7 7 7 0\n0 0 6 6 6 6 6 6 6 0 0 0 7 7 7 0\n0 0 6 6 6 6 6 6 6 0 0 0 7 7 7 0\n0 0 6 6 6 6 6 6 6 0 0 0 7 7 7 0\n0 0 0 0 0 0 0 0 0 0 0 0 7 7 7 0\n0 0 0 0 0 0 0 0 0 0 0 0 0 0 0 0\n0 0 0 0 0 0 0 0 0 0 0 0 0 0 0 0\n0 0 0 0 0 0 0 0 0 0 0 0 0 0 0 0",
        "expected_output": "0 0 0 0 0 0 0 0 0 0 0 0 0 0 0 0\n0 8 8 8 8 0 0 0 0 0 0 0 0 0 0 0\n0 8 0 0 8 0 0 0 0 0 0 0 0 0 0 0\n0 8 8 8 8 0 3 3 3 3 3 3 3 0 0 0\n0 0 0 0 0 0 3 0 0 0 0 0 3 0 0 0\n0 0 0 0 0 0 3 0 0 0 0 0 3 0 0 0\n0 0 0 0 0 0 3 0 0 0 0 0 3 0 0 0\n0 0 0 0 0 0 3 3 3 3 3 3 3 0 0 0\n0 0 0 0 0 0 0 0 0 0 0 0 0 0 0 0\n0 0 0 0 0 0 0 0 0 0 0 0 0 0 0 0\n0 0 6 6 6 6 6 6 6 0 0 0 7 7 7 0\n0 0 6 0 0 0 0 0 6 0 0 0 7 0 7 0\n0 0 6 0 0 0 0 0 6 0 0 0 7 0 7 0\n0 0 6 6 6 6 6 6 6 0 0 0 7 0 7 0\n0 0 0 0 0 0 0 0 0 0 0 0 7 7 7 0\n0 0 0 0 0 0 0 0 0 0 0 0 0 0 0 0\n0 0 0 0 0 0 0 0 0 0 0 0 0 0 0 0\n0 0 0 0 0 0 0 0 0 0 0 0 0 0 0 0",
        "transformed_output": "0 0 0 0 0 0 0 0 0 0 0 0 0 0 0 0\n0 8 8 8 8 0 0 0 0 0 0 0 0 0 0 0\n0 8 0 0 8 0 0 0 0 0 0 0 0 0 0 0\n0 8 8 8 8 0 3 3 3 3 3 3 3 0 0 0\n0 0 0 0 0 0 3 0 0 0 0 0 3 0 0 0\n0 0 0 0 0 0 3 0 0 0 0 0 3 0 0 0\n0 0 0 0 0 0 3 0 0 0 0 0 3 0 0 0\n0 0 0 0 0 0 3 3 3 3 3 3 3 0 0 0\n0 0 0 0 0 0 0 0 0 0 0 0 0 0 0 0\n0 0 0 0 0 0 0 0 0 0 0 0 0 0 0 0\n0 0 6 6 6 6 6 6 6 0 0 0 7 7 7 0\n0 0 6 0 0 0 0 0 6 0 0 0 7 0 7 0\n0 0 6 0 0 0 0 0 6 0 0 0 7 0 7 0\n0 0 6 6 6 6 6 6 6 0 0 0 7 0 7 0\n0 0 0 0 0 0 0 0 0 0 0 0 7 7 7 0\n0 0 0 0 0 0 0 0 0 0 0 0 0 0 0 0\n0 0 0 0 0 0 0 0 0 0 0 0 0 0 0 0\n0 0 0 0 0 0 0 0 0 0 0 0 0 0 0 0",
        "match": true,
        "size_correct": true,
        "color_palette_correct": true,
        "correct_pixel_counts": true,
        "pixels_off": 0,
        "percent_correct": 100.0
      },
      {
        "example": 2,
        "input": "0 0 0 0 0 0 0\n0 2 2 2 2 2 0\n0 2 2 2 2 2 0\n0 2 2 2 2 2 0\n0 2 2 2 2 2 0\n0 0 0 0 0 0 0\n0 0 0 0 0 0 0\n0 0 0 0 0 0 0",
        "expected_output": "0 0 0 0 0 0 0\n0 2 2 2 2 2 0\n0 2 0 0 0 2 0\n0 2 0 0 0 2 0\n0 2 2 2 2 2 0\n0 0 0 0 0 0 0\n0 0 0 0 0 0 0\n0 0 0 0 0 0 0",
        "transformed_output": "0 0 0 0 0 0 0\n0 2 2 2 2 2 0\n0 2 0 0 0 2 0\n0 2 0 0 0 2 0\n0 2 2 2 2 2 0\n0 0 0 0 0 0 0\n0 0 0 0 0 0 0\n0 0 0 0 0 0 0",
        "match": true,
        "size_correct": true,
        "color_palette_correct": true,
        "correct_pixel_counts": true,
        "pixels_off": 0,
        "percent_correct": 100.0
      },
      {
        "example": 3,
        "input": "0 0 0 0 0 0 0 0 0 0 0 0\n0 0 5 5 5 5 5 5 5 5 0 0\n0 0 5 5 5 5 5 5 5 5 0 0\n0 0 5 5 5 5 5 5 5 5 0 0\n0 0 5 5 5 5 5 5 5 5 0 0\n0 0 0 0 0 0 0 0 0 0 0 0\n0 4 4 4 4 4 4 0 0 0 0 0\n0 4 4 4 4 4 4 0 0 0 0 0\n0 4 4 4 4 4 4 0 0 0 0 0\n0 4 4 4 4 4 4 0 0 0 0 0\n0 0 0 0 0 0 0 0 0 0 0 0",
        "expected_output": "0 0 0 0 0 0 0 0 0 0 0 0\n0 0 5 5 5 5 5 5 5 5 0 0\n0 0 5 0 0 0 0 0 0 5 0 0\n0 0 5 0 0 0 0 0 0 5 0 0\n0 0 5 5 5 5 5 5 5 5 0 0\n0 0 0 0 0 0 0 0 0 0 0 0\n0 4 4 4 4 4 4 0 0 0 0 0\n0 4 0 0 0 0 4 0 0 0 0 0\n0 4 0 0 0 0 4 0 0 0 0 0\n0 4 4 4 4 4 4 0 0 0 0 0\n0 0 0 0 0 0 0 0 0 0 0 0",
        "transformed_output": "0 0 0 0 0 0 0 0 0 0 0 0\n0 0 5 5 5 5 5 5 5 5 0 0\n0 0 5 0 0 0 0 0 0 5 0 0\n0 0 5 0 0 0 0 0 0 5 0 0\n0 0 5 5 5 5 5 5 5 5 0 0\n0 0 0 0 0 0 0 0 0 0 0 0\n0 4 4 4 4 4 4 0 0 0 0 0\n0 4 0 0 0 0 4 0 0 0 0 0\n0 4 0 0 0 0 4 0 0 0 0 0\n0 4 4 4 4 4 4 0 0 0 0 0\n0 0 0 0 0 0 0 0 0 0 0 0",
        "match": true,
        "size_correct": true,
        "color_palette_correct": true,
        "correct_pixel_counts": true,
        "pixels_off": 0,
        "percent_correct": 100.0
      }
    ]
  },
  "best_train_results": {
    "passed": 3,
    "total": 3
  },
  "best_test_results": {
    "passed": 1,
    "total": 1
  },
  "test_solved": true
}