{
  "response_report": [
    {
      "response_file": "001-response.json",
      "token_usage": {
        "prompt": 4143,
        "candidates": 470,
        "total": 4613,
        "cached": 0
      },
      "response_time": 8.971556
    },
    {
      "response_file": "002-response.json",
      "token_usage": {
        "prompt": 4477,
        "candidates": 241,
        "total": 4718,
        "cached": 0
      },
      "response_time": 3.797735
    }
  ],
  "test_report": {
    "002-py_01-test": [
      {
        "example": 1,
        "input": "0 0 0 3 0 0 0 0 0 0 0\n0 0 0 0 0 0 0 0 0 2 0\n0 0 0 0 0 0 0 0 0 0 0\n0 0 0 0 0 3 0 0 0 0 0\n0 0 0 0 0 0 0 0 0 0 0\n0 0 0 0 2 0 0 0 0 0 0\n0 0 0 0 0 0 0 0 0 0 0\n0 1 0 0 0 0 0 0 0 0 0\n0 0 0 0 0 0 0 0 0 0 0\n0 0 0 0 0 0 0 0 1 0 0\n0 0 0 0 0 0 0 0 0 0 0\n0 0 0 0 0 0 0 0 0 0 0",
        "expected_output": "3 3 3 3 3 3 3 3 3 3 3\n0 0 0 0 2 0 0 0 0 2 0\n0 0 0 0 2 0 0 0 0 2 0\n3 3 3 3 3 3 3 3 3 3 3\n0 0 0 0 2 0 0 0 0 2 0\n0 0 0 0 2 0 0 0 0 2 0\n0 0 0 0 2 0 0 0 0 2 0\n1 1 1 1 1 1 1 1 1 1 1\n0 0 0 0 2 0 0 0 0 2 0\n1 1 1 1 1 1 1 1 1 1 1\n0 0 0 0 2 0 0 0 0 2 0\n0 0 0 0 2 0 0 0 0 2 0",
        "transformed_output": "3 3 3 3 3 3 3 3 3 3 3\n0 0 0 0 2 0 0 0 0 2 0\n0 0 0 0 2 0 0 0 0 2 0\n3 3 3 3 3 3 3 3 3 3 3\n0 0 0 0 2 0 0 0 0 2 0\n0 0 0 0 2 0 0 0 0 2 0\n0 0 0 0 2 0 0 0 0 2 0\n1 1 1 1 1 1 1 1 1 1 1\n0 0 0 0 2 0 0 0 0 2 0\n1 1 1 1 1 1 1 1 1 1 1\n0 0 0 0 2 0 0 0 0 2 0\n0 0 0 0 2 0 0 0 0 2 0",
        "match": true,
        "size_correct": true,
        "color_palette_correct": true,
        "correct_pixel_counts": true,
        "pixels_off": 0,
        "percent_correct": 100.0
      }
    ],
    "002-py_01-train": [
      {
        "example": 1,
        "input": "0 0 0 0 0 0 0 0 0\n0 0 0 0 0 0 0 0 0\n0 0 2 0 0 0 0 0 0\n0 0 0 0 0 0 0 0 0\n0 0 0 0 0 0 0 3 0\n0 0 0 0 0 0 0 0 0\n0 0 0 1 0 0 0 0 0\n0 0 0 0 0 0 0 0 0\n0 0 0 0 0 0 0 0 0",
        "expected_output": "0 0 2 0 0 0 0 0 0\n0 0 2 0 0 0 0 0 0\n0 0 2 0 0 0 0 0 0\n0 0 2 0 0 0 0 0 0\n3 3 3 3 3 3 3 3 3\n0 0 2 0 0 0 0 0 0\n1 1 1 1 1 1 1 1 1\n0 0 2 0 0 0 0 0 0\n0 0 2 0 0 0 0 0 0",
        "transformed_output": "0 0 2 0 0 0 0 0 0\n0 0 2 0 0 0 0 0 0\n0 0 2 0 0 0 0 0 0\n0 0 2 0 0 0 0 0 0\n3 3 3 3 3 3 3 3 3\n0 0 2 0 0 0 0 0 0\n1 1 1 1 1 1 1 1 1\n0 0 2 0 0 0 0 0 0\n0 0 2 0 0 0 0 0 0",
        "match": true,
        "size_correct": true,
        "color_palette_correct": true,
        "correct_pixel_counts": true,
        "pixels_off": 0,
        "percent_correct": 100.0
      },
      {
        "example": 2,
        "input": "0 0 0 0 0 0 0 0\n0 3 0 0 0 0 0 0\n0 0 0 0 0 0 0 0\n0 0 0 0 0 0 0 0\n0 0 0 3 0 0 0 0\n0 0 0 0 0 0 0 0\n0 1 0 0 0 0 0 0\n0 0 0 0 0 2 0 0\n0 0 0 0 0 0 0 0\n0 0 0 0 0 0 0 0",
        "expected_output": "0 0 0 0 0 2 0 0\n3 3 3 3 3 3 3 3\n0 0 0 0 0 2 0 0\n0 0 0 0 0 2 0 0\n3 3 3 3 3 3 3 3\n0 0 0 0 0 2 0 0\n1 1 1 1 1 1 1 1\n0 0 0 0 0 2 0 0\n0 0 0 0 0 2 0 0\n0 0 0 0 0 2 0 0",
        "transformed_output": "0 0 0 0 0 2 0 0\n3 3 3 3 3 3 3 3\n0 0 0 0 0 2 0 0\n0 0 0 0 0 2 0 0\n3 3 3 3 3 3 3 3\n0 0 0 0 0 2 0 0\n1 1 1 1 1 1 1 1\n0 0 0 0 0 2 0 0\n0 0 0 0 0 2 0 0\n0 0 0 0 0 2 0 0",
        "match": true,
        "size_correct": true,
        "color_palette_correct": true,
        "correct_pixel_counts": true,
        "pixels_off": 0,
        "percent_correct": 100.0
      },
      {
        "example": 3,
        "input": "0 0 0 0 0 0 0 0 0 0 0\n0 1 0 0 0 0 0 0 0 0 0\n0 0 0 0 0 0 0 0 0 0 0\n0 0 0 0 0 0 0 0 3 0 0\n0 0 0 0 0 0 0 0 0 0 0\n0 0 0 0 0 0 0 0 0 0 0\n0 0 3 0 0 0 0 0 0 0 0\n0 0 0 0 0 0 0 0 0 0 0\n0 0 0 2 0 0 0 0 0 0 0\n0 0 0 0 0 0 0 0 0 2 0",
        "expected_output": "0 0 0 2 0 0 0 0 0 2 0\n1 1 1 1 1 1 1 1 1 1 1\n0 0 0 2 0 0 0 0 0 2 0\n3 3 3 3 3 3 3 3 3 3 3\n0 0 0 2 0 0 0 0 0 2 0\n0 0 0 2 0 0 0 0 0 2 0\n3 3 3 3 3 3 3 3 3 3 3\n0 0 0 2 0 0 0 0 0 2 0\n0 0 0 2 0 0 0 0 0 2 0\n0 0 0 2 0 0 0 0 0 2 0",
        "transformed_output": "0 0 0 2 0 0 0 0 0 2 0\n1 1 1 1 1 1 1 1 1 1 1\n0 0 0 2 0 0 0 0 0 2 0\n3 3 3 3 3 3 3 3 3 3 3\n0 0 0 2 0 0 0 0 0 2 0\n0 0 0 2 0 0 0 0 0 2 0\n3 3 3 3 3 3 3 3 3 3 3\n0 0 0 2 0 0 0 0 0 2 0\n0 0 0 2 0 0 0 0 0 2 0\n0 0 0 2 0 0 0 0 0 2 0",
        "match": true,
        "size_correct": true,
        "color_palette_correct": true,
        "correct_pixel_counts": true,
        "pixels_off": 0,
        "percent_correct": 100.0
      }
    ]
  },
  "best_train_results": {
    "passed": 3,
    "total": 3
  },
  "best_test_results": {
    "passed": 1,
    "total": 1
  },
  "test_solved": true
}