{
  "response_report": [
    {
      "response_file": "004-response.json",
      "token_usage": {
        "prompt": 107629,
        "candidates": 18237,
        "total": 125866,
        "cached": 0
      },
      "timing": {
        "response_time": 0.000117,
        "total_elapsed": 252.142258,
        "response_times": [
          0.000387,
          0.000171,
          0.000203,
          0.000133,
          0.000309,
          0.00012,
          0.000117,
          0.000114,
          0.000306,
          0.000117,
          0.000281,
          0.00041,
          0.000294,
          0.000131,
          0.000267,
          0.000304,
          0.000272,
          0.000115,
          0.000281,
          0.000117,
          0.000115,
          0.000116,
          0.000143,
          0.000138,
          0.000281,
          0.000118,
          0.000118,
          0.000117
        ]
      }
    },
    {
      "response_file": "001-response.json",
      "token_usage": {
        "prompt": 96427,
        "candidates": 16056,
        "total": 112483,
        "cached": 0
      },
      "timing": {
        "response_time": 0.000281,
        "total_elapsed": 223.535297,
        "response_times": [
          0.000387,
          0.000171,
          0.000203,
          0.000133,
          0.000309,
          0.00012,
          0.000117,
          0.000114,
          0.000306,
          0.000117,
          0.000281,
          0.00041,
          0.000294,
          0.000131,
          0.000267,
          0.000304,
          0.000272,
          0.000115,
          0.000281,
          0.000117,
          0.000115,
          0.000116,
          0.000143,
          0.000138,
          0.000281
        ]
      }
    },
    {
      "response_file": "005-response.json",
      "token_usage": {
        "prompt": 113855,
        "candidates": 19232,
        "total": 133087,
        "cached": 0
      },
      "timing": {
        "response_time": 0.00012,
        "total_elapsed": 261.910191,
        "response_times": [
          0.000387,
          0.000171,
          0.000203,
          0.000133,
          0.000309,
          0.00012,
          0.000117,
          0.000114,
          0.000306,
          0.000117,
          0.000281,
          0.00041,
          0.000294,
          0.000131,
          0.000267,
          0.000304,
          0.000272,
          0.000115,
          0.000281,
          0.000117,
          0.000115,
          0.000116,
          0.000143,
          0.000138,
          0.000281,
          0.000118,
          0.000118,
          0.000117,
          0.00012
        ]
      }
    },
    {
      "response_file": "002-response.json",
      "token_usage": {
        "prompt": 98863,
        "candidates": 16644,
        "total": 115507,
        "cached": 0
      },
      "timing": {
        "response_time": 0.000118,
        "total_elapsed": 231.297999,
        "response_times": [
          0.000387,
          0.000171,
          0.000203,
          0.000133,
          0.000309,
          0.00012,
          0.000117,
          0.000114,
          0.000306,
          0.000117,
          0.000281,
          0.00041,
          0.000294,
          0.000131,
          0.000267,
          0.000304,
          0.000272,
          0.000115,
          0.000281,
          0.000117,
          0.000115,
          0.000116,
          0.000143,
          0.000138,
          0.000281,
          0.000118
        ]
      }
    },
    {
      "response_file": "006-response.json",
      "token_usage": {
        "prompt": 121169,
        "candidates": 19748,
        "total": 140917,
        "cached": 0
      },
      "timing": {
        "response_time": 0.000122,
        "total_elapsed": 276.755949,
        "response_times": [
          0.000387,
          0.000171,
          0.000203,
          0.000133,
          0.000309,
          0.00012,
          0.000117,
          0.000114,
          0.000306,
          0.000117,
          0.000281,
          0.00041,
          0.000294,
          0.000131,
          0.000267,
          0.000304,
          0.000272,
          0.000115,
          0.000281,
          0.000117,
          0.000115,
          0.000116,
          0.000143,
          0.000138,
          0.000281,
          0.000118,
          0.000118,
          0.000117,
          0.00012,
          0.000122
        ]
      }
    },
    {
      "response_file": "003-response.json",
      "token_usage": {
        "prompt": 102661,
        "candidates": 17721,
        "total": 120382,
        "cached": 0
      },
      "timing": {
        "response_time": 0.000118,
        "total_elapsed": 245.563421,
        "response_times": [
          0.000387,
          0.000171,
          0.000203,
          0.000133,
          0.000309,
          0.00012,
          0.000117,
          0.000114,
          0.000306,
          0.000117,
          0.000281,
          0.00041,
          0.000294,
          0.000131,
          0.000267,
          0.000304,
          0.000272,
          0.000115,
          0.000281,
          0.000117,
          0.000115,
          0.000116,
          0.000143,
          0.000138,
          0.000281,
          0.000118,
          0.000118
        ]
      }
    }
  ],
  "test_report": {
    "003": [
      {
        "example": 1,
        "input": "0 0 0 0 0 0 0 0 0 0 0\n0 0 5 5 0 0 0 0 0 0 0\n0 0 5 5 5 5 5 0 0 0 0\n0 0 0 5 5 5 0 0 0 0 0\n0 0 0 5 5 5 5 5 0 0 0\n0 0 0 5 0 0 5 5 0 0 0\n0 0 0 0 0 5 5 5 0 0 0\n0 0 0 0 0 0 0 0 0 0 0\n0 0 0 0 0 0 0 0 0 0 0",
        "expected_output": "0 0 0 0 0 0 0 0 0 0 0\n0 0 8 8 0 0 0 0 0 0 0\n0 0 8 8 2 2 2 0 0 0 0\n0 0 0 2 8 8 0 0 0 0 0\n0 0 0 2 8 8 8 8 0 0 0\n0 0 0 2 0 0 8 8 0 0 0\n0 0 0 0 0 2 2 2 0 0 0\n0 0 0 0 0 0 0 0 0 0 0\n0 0 0 0 0 0 0 0 0 0 0",
        "transformed_output": "0 0 0 0 0 0 0 0 0 0 0\n0 0 8 8 0 0 0 0 0 0 0\n0 0 2 8 8 8 8 0 0 0 0\n0 0 0 2 8 8 0 0 0 0 0\n0 0 0 2 2 8 8 8 0 0 0\n0 0 0 2 0 0 8 8 0 0 0\n0 0 0 0 0 2 2 8 0 0 0\n0 0 0 0 0 0 0 0 0 0 0\n0 0 0 0 0 0 0 0 0 0 0",
        "status": "FAILED"
      },
      {
        "example": 2,
        "input": "0 0 0 0 0 0 0 0 0 0\n0 5 5 5 5 5 5 0 0 0\n0 5 5 5 5 5 5 0 0 0\n0 0 0 5 0 0 5 0 0 0\n0 0 0 0 5 5 5 0 0 0\n0 0 0 0 5 5 5 0 0 0\n0 0 0 0 5 0 0 0 0 0\n0 0 0 0 0 0 0 0 0 0",
        "expected_output": "0 0 0 0 0 0 0 0 0 0\n0 8 8 2 8 8 2 0 0 0\n0 8 8 2 8 8 2 0 0 0\n0 0 0 2 0 0 2 0 0 0\n0 0 0 0 2 8 8 0 0 0\n0 0 0 0 2 8 8 0 0 0\n0 0 0 0 2 0 0 0 0 0\n0 0 0 0 0 0 0 0 0 0",
        "transformed_output": "0 0 0 0 0 0 0 0 0 0\n0 8 8 8 8 8 8 0 0 0\n0 2 8 8 8 8 8 0 0 0\n0 0 0 8 0 0 8 0 0 0\n0 0 0 0 8 8 8 0 0 0\n0 0 0 0 2 8 8 0 0 0\n0 0 0 0 2 0 0 0 0 0\n0 0 0 0 0 0 0 0 0 0",
        "status": "FAILED"
      },
      {
        "example": 3,
        "input": "0 0 0 0 0 0 0 0 0\n0 5 5 5 5 5 0 0 0\n0 0 0 0 5 5 0 0 0\n0 0 0 5 0 0 0 0 0\n0 0 0 5 5 5 0 0 0\n0 0 0 5 5 5 0 0 0\n0 0 0 0 0 0 0 0 0\n0 0 0 0 0 0 0 0 0",
        "expected_output": "0 0 0 0 0 0 0 0 0\n0 2 2 2 8 8 0 0 0\n0 0 0 0 8 8 0 0 0\n0 0 0 2 0 0 0 0 0\n0 0 0 2 8 8 0 0 0\n0 0 0 2 8 8 0 0 0\n0 0 0 0 0 0 0 0 0\n0 0 0 0 0 0 0 0 0",
        "transformed_output": "0 0 0 0 0 0 0 0 0\n0 8 8 8 8 8 0 0 0\n0 0 0 0 8 8 0 0 0\n0 0 0 8 0 0 0 0 0\n0 0 0 2 8 8 0 0 0\n0 0 0 2 2 8 0 0 0\n0 0 0 0 0 0 0 0 0\n0 0 0 0 0 0 0 0 0",
        "status": "FAILED"
      }
    ],
    "002": [
      {
        "example": 1,
        "input": "0 0 0 0 0 0 0 0 0 0 0\n0 0 5 5 0 0 0 0 0 0 0\n0 0 5 5 5 5 5 0 0 0 0\n0 0 0 5 5 5 0 0 0 0 0\n0 0 0 5 5 5 5 5 0 0 0\n0 0 0 5 0 0 5 5 0 0 0\n0 0 0 0 0 5 5 5 0 0 0\n0 0 0 0 0 0 0 0 0 0 0\n0 0 0 0 0 0 0 0 0 0 0",
        "expected_output": "0 0 0 0 0 0 0 0 0 0 0\n0 0 8 8 0 0 0 0 0 0 0\n0 0 8 8 2 2 2 0 0 0 0\n0 0 0 2 8 8 0 0 0 0 0\n0 0 0 2 8 8 8 8 0 0 0\n0 0 0 2 0 0 8 8 0 0 0\n0 0 0 0 0 2 2 2 0 0 0\n0 0 0 0 0 0 0 0 0 0 0\n0 0 0 0 0 0 0 0 0 0 0",