{
  "response_report": [
    {
      "response_file": "001-response.json",
      "token_usage": {
        "prompt": 2805,
        "candidates": 545,
        "total": 3350,
        "cached": 0
      },
      "response_time": 10.210518
    },
    {
      "response_file": "002-response.json",
      "token_usage": {
        "prompt": 3212,
        "candidates": 520,
        "total": 3732,
        "cached": 0
      },
      "response_time": 5.799005
    }
  ],
  "test_report": {
    "002-py_01-test": [
      {
        "example": 1,
        "input": "0 0 0 8 0 0\n0 0 0 8 0 0\n0 0 0 0 0 0\n0 0 0 0 0 0\n2 2 0 0 0 0\n0 0 0 0 0 0",
        "expected_output": "0 0 0 8 0 0\n0 0 0 8 0 0\n0 0 0 8 0 0\n0 0 0 8 0 0\n2 2 2 4 2 2\n0 0 0 8 0 0",
        "transformed_output": "0 0 0 8 0 0\n0 0 0 8 0 0\n0 0 0 8 0 0\n0 0 0 8 0 0\n2 2 2 4 2 2\n0 0 0 8 0 0",
        "match": true,
        "size_correct": true,
        "color_palette_correct": true,
        "correct_pixel_counts": true,
        "pixels_off": 0,
        "percent_correct": 100.0
      }
    ],
    "002-py_01-train": [
      {
        "example": 1,
        "input": "0 0 0 0 8 0\n0 0 0 0 8 0\n2 2 0 0 0 0\n0 0 0 0 0 0\n0 0 0 0 0 0\n0 0 0 0 0 0",
        "expected_output": "0 0 0 0 8 0\n0 0 0 0 8 0\n2 2 2 2 4 2\n0 0 0 0 8 0\n0 0 0 0 8 0\n0 0 0 0 8 0",
        "transformed_output": "0 0 0 0 8 0\n0 0 0 0 8 0\n2 2 2 2 4 2\n0 0 0 0 8 0\n0 0 0 0 8 0\n0 0 0 0 8 0",
        "match": true,
        "size_correct": true,
        "color_palette_correct": true,
        "correct_pixel_counts": true,
        "pixels_off": 0,
        "percent_correct": 100.0
      },
      {
        "example": 2,
        "input": "0 8 0 0 0 0\n0 8 0 0 0 0\n0 0 0 0 0 0\n0 0 0 0 2 2\n0 0 0 0 0 0\n0 0 0 0 0 0",
        "expected_output": "0 8 0 0 0 0\n0 8 0 0 0 0\n0 8 0 0 0 0\n2 4 2 2 2 2\n0 8 0 0 0 0\n0 8 0 0 0 0",
        "transformed_output": "0 8 0 0 0 0\n0 8 0 0 0 0\n0 8 0 0 0 0\n2 4 2 2 2 2\n0 8 0 0 0 0\n0 8 0 0 0 0",
        "match": true,
        "size_correct": true,
        "color_palette_correct": true,
        "correct_pixel_counts": true,
        "pixels_off": 0,
        "percent_correct": 100.0
      }
    ]
  },
  "best_train_results": {
    "passed": 2,
    "total": 2
  },
  "best_test_results": {
    "passed": 1,
    "total": 1
  },
  "test_solved": true
}