{
  "response_report": [
    {
      "response_file": "001-response.json",
      "token_usage": {
        "prompt": 90121,
        "candidates": 13316,
        "total": 103437,
        "cached": 0
      },
      "timing": {
        "response_time": 0.000286,
        "total_elapsed": 252.237526,
        "response_times": [
          0.000247,
          0.000141,
          0.000194,
          0.000122,
          0.000287,
          0.000115,
          0.000152,
          0.000121,
          0.000121,
          0.000134,
          0.000184,
          0.000118,
          0.000326,
          0.000186,
          0.000288,
          0.000113,
          0.000319,
          0.000116,
          0.000282,
          0.000133,
          0.000283,
          0.000155,
          0.000379,
          0.000137,
          0.000286
        ]
      }
    },
    {
      "response_file": "002-response.json",
      "token_usage": {
        "prompt": 92552,
        "candidates": 13716,
        "total": 106268,
        "cached": 0
      },
      "timing": {
        "response_time": 0.000113,
        "total_elapsed": 256.932128,
        "response_times": [
          0.000247,
          0.000141,
          0.000194,
          0.000122,
          0.000287,
          0.000115,
          0.000152,
          0.000121,
          0.000121,
          0.000134,
          0.000184,
          0.000118,
          0.000326,
          0.000186,
          0.000288,
          0.000113,
          0.000319,
          0.000116,
          0.000282,
          0.000133,
          0.000283,
          0.000155,
          0.000379,
          0.000137,
          0.000286,
          0.000113
        ]
      }
    },
    {
      "response_file": "003-response.json",
      "token_usage": {
        "prompt": 96157,
        "candidates": 14213,
        "total": 110370,
        "cached": 0
      },
      "timing": {
        "response_time": 0.000444,
        "total_elapsed": 262.682615,
        "response_times": [
          0.000247,
          0.000141,
          0.000194,
          0.000122,
          0.000287,
          0.000115,
          0.000152,
          0.000121,
          0.000121,
          0.000134,
          0.000184,
          0.000118,
          0.000326,
          0.000186,
          0.000288,
          0.000113,
          0.000319,
          0.000116,
          0.000282,
          0.000133,
          0.000283,
          0.000155,
          0.000379,
          0.000137,
          0.000286,
          0.000113,
          0.000444
        ]
      }
    },
    {
      "response_file": "004-response.json",
      "token_usage": {
        "prompt": 100353,
        "candidates": 14613,
        "total": 114966,
        "cached": 0
      },
      "timing": {
        "response_time": 0.000114,
        "total_elapsed": 266.657261,
        "response_times": [
          0.000247,
          0.000141,
          0.000194,
          0.000122,
          0.000287,
          0.000115,
          0.000152,
          0.000121,
          0.000121,
          0.000134,
          0.000184,
          0.000118,
          0.000326,
          0.000186,
          0.000288,
          0.000113,
          0.000319,
          0.000116,
          0.000282,
          0.000133,
          0.000283,
          0.000155,
          0.000379,
          0.000137,
          0.000286,
          0.000113,
          0.000444,
          0.000114
        ]
      }
    },
    {
      "response_file": "005-response.json",
      "token_usage": {
        "prompt": 105691,
        "candidates": 15729,
        "total": 121420,
        "cached": 0
      },
      "timing": {
        "response_time": 0.000111,
        "total_elapsed": 276.184865,
        "response_times": [
          0.000247,
          0.000141,
          0.000194,
          0.000122,
          0.000287,
          0.000115,
          0.000152,
          0.000121,
          0.000121,
          0.000134,
          0.000184,
          0.000118,
          0.000326,
          0.000186,
          0.000288,
          0.000113,
          0.000319,
          0.000116,
          0.000282,
          0.000133,
          0.000283,
          0.000155,
          0.000379,
          0.000137,
          0.000286,
          0.000113,
          0.000444,
          0.000114,
          0.000111
        ]
      }
    },
    {
      "response_file": "006-response.json",
      "token_usage": {
        "prompt": 112240,
        "candidates": 16889,
        "total": 129129,
        "cached": 0
      },
      "timing": {
        "response_time": 0.00012,
        "total_elapsed": 285.603873,
        "response_times": [
          0.000247,
          0.000141,
          0.000194,
          0.000122,
          0.000287,
          0.000115,
          0.000152,
          0.000121,
          0.000121,
          0.000134,
          0.000184,
          0.000118,
          0.000326,
          0.000186,
          0.000288,
          0.000113,
          0.000319,
          0.000116,
          0.000282,
          0.000133,
          0.000283,
          0.000155,
          0.000379,
          0.000137,
          0.000286,
          0.000113,
          0.000444,
          0.000114,
          0.000111,
          0.00012
        ]
      }
    }
  ],
  "test_report": {
    "002": [
      {
        "example": 1,
        "input": "0 0 0 0 0 0 0 0 0 0 0\n0 0 5 5 0 0 0 0 0 0 0\n0 0 5 5 5 5 5 0 0 0 0\n0 0 0 5 5 5 0 0 0 0 0\n0 0 0 5 5 5 5 5 0 0 0\n0 0 0 5 0 0 5 5 0 0 0\n0 0 0 0 0 5 5 5 0 0 0\n0 0 0 0 0 0 0 0 0 0 0\n0 0 0 0 0 0 0 0 0 0 0",
        "expected_output": "0 0 0 0 0 0 0 0 0 0 0\n0 0 8 8 0 0 0 0 0 0 0\n0 0 8 8 2 2 2 0 0 0 0\n0 0 0 2 8 8 0 0 0 0 0\n0 0 0 2 8 8 8 8 0 0 0\n0 0 0 2 0 0 8 8 0 0 0\n0 0 0 0 0 2 2 2 0 0 0\n0 0 0 0 0 0 0 0 0 0 0\n0 0 0 0 0 0 0 0 0 0 0",
        "transformed_output": "0 0 0 0 0 0 0 0 0 0 0\n0 0 8 8 0 0 0 0 0 0 0\n0 0 8 2 8 2 8 0 0 0 0\n0 0 0 8 2 8 0 0 0 0 0\n0 0 0 8 2 8 2 8 0 0 0\n0 0 0 8 0 0 8 8 0 0 0\n0 0 0 0 0 8 2 8 0 0 0\n0 0 0 0 0 0 0 0 0 0 0\n0 0 0 0 0 0 0 0 0 0 0",
        "status": "FAILED",
        "size_correct": true,
        "color_palette_correct": true,
        "correct_pixel_counts": false,
        "pixels_off": 11
      },
      {
        "example": 2,
        "input": "0 0 0 0 0 0 0 0 0 0\n0 5 5 5 5 5 5 0 0 0\n0 5 5 5 5 5 5 0 0 0\n0 0 0 5 0 0 5 0 0 0\n0 0 0 0 5 5 5 0 0 0\n0 0 0 0 5 5 5 0 0 0\n0 0 0 0 5 0 0 0 0 0\n0 0 0 0 0 0 0 0 0 0",
        "expected_output": "0 0 0 0 0 0 0 0 0 0\n0 8 8 2 8 8 2 0 0 0\n0 8 8 2 8 8 2 0 0 0\n0 0 0 2 0 0 2 0 0 0\n0 0 0 0 2 8 8 0 0 0\n0 0 0 0 2 8 8 0 0 0\n0 0 0 0 2 0 0 0 0 0\n0 0 0 0 0 0 0 0 0 0",
        "transformed_output": "0 0 0 0 0 0 0 0 0 0\n0 8 2 8 2 8 8 0 0 0\n0 8 2 8 2 8 8 0 0 0\n0 0 0 8 0 0 8 0 0 0\n0 0 0 0 8 2 8 0 0 0\n0 0 0 0 8 2 8 0 0 0\n0 0 0 0 8 0 0 0 0 0\n0 0 0 0 0 0 0 0 0 0",
        "status": "FAILED",
        "size_correct": true,
        "color_palette_correct": true,
        "correct_pixel_counts": false,
        "pixels_off": 15
      },
      {
        "example": 3,
        "input": "0 0 0 0 0 0 0 0 0\n0 5 5 5 5 5 0 0 0\n0 0 0 0 5 5 0 0 0\n0 0 0 5 0 0 0 0 0\n0 0 0 5 5 5 0 0 0\n0 0 0 5 5 5 0 0 0\n0 0 0 0 0 0 0 0 0\n0 0 0 0 0 0 0 0 0",
        "expected_output": "0 0 0 0 0 0 0 0 0\n0 2 2 2 8 8 0 0 0\n0 0 0 0 8 8 0 0 0\n0 0 0 2 0 0 0 0 0\n0 0 0 2 8 8 0 0 0\n0 0 0 2 8 8 0 0 0\n0 0 0 0 0 0 0 0 0\n0 0 0 0 0 0 0 0 0",
        "transformed_output": "0 0 0 0 0 0 0 0 0\n0 8 2 8 2 8 0 0 0\n0 0 0 0 8 8 0 0 0\n0 0 0 8 0 0 0 0 0\n0 0 0 8 2 8 0 0 0\n0 0 0 8 2 8 0 0 0\n0 0 0 0 0 0 0 0 0\n0 0 0 0 0 0 0 0 0",
        "status": "FAILED",
        "size_correct": true,
        "color_palette_correct": true,
        "correct_pixel_counts": false,
        "pixels_off": 8
      }
    ],
    "004": [
      {
        "example": 1,
        "input": "0 0 0 0 0 0 0 0 0 0 0\n0 0 5 5 0 0 0 0 0 0 0\n0 0 5 5 5 5 5 0 0 0 0\n0 0 0 5 5 5 0 0 0 0 0\n0 0 0 5 5 5 5 5 0 0 0\n0 0 0 5 0 0 5 5 0 0 0\n0 0 0 0 0 5 5 5 0 0 0\n0 0 0 0 0 0 0 0 0 0 0\n0 0 0 0 0 0 0 0 0 0 0",