{
  "response_report": [
    {
      "response_file": "001-response.json",
      "token_usage": {
        "prompt": 1935,
        "candidates": 466,
        "total": 2401,
        "cached": 0
      },
      "response_time": 6.607649
    },
    {
      "response_file": "002-response.json",
      "token_usage": {
        "prompt": 2261,
        "candidates": 357,
        "total": 2618,
        "cached": 0
      },
      "response_time": 4.153748
    }
  ],
  "test_report": {
    "002-py_01-test": [
      {
        "example": 1,
        "input": "0 0 0 0 0 0 0 0 0 0\n0 0 0 0 0 0 0 0 0 0\n0 0 0 0 0 8 0 0 0 0\n0 0 0 4 4 8 4 0 0 0\n0 0 8 8 3 3 4 0 0 0\n0 0 0 4 3 3 8 8 0 0\n0 0 0 4 8 4 4 0 0 0\n0 0 0 0 8 0 0 0 0 0\n0 0 0 0 0 0 0 0 0 0\n0 0 0 0 0 0 0 0 0 0",
        "expected_output": "0 0 0\n0 4 4\n8 8 3",
        "transformed_output": "0 0 0\n0 4 4\n8 8 3",
        "match": true,
        "size_correct": true,
        "color_palette_correct": true,
        "correct_pixel_counts": true,
        "pixels_off": 0,
        "percent_correct": 100.0
      }
    ],
    "002-py_01-train": [
      {
        "example": 1,
        "input": "0 0 0 0 0 0 0 0 0 0\n0 0 0 0 0 0 0 0 0 0\n0 0 0 0 7 7 0 0 0 0\n0 0 0 6 8 8 6 0 0 0\n0 0 7 8 4 4 8 7 0 0\n0 0 7 8 4 4 8 7 0 0\n0 0 0 6 8 8 6 0 0 0\n0 0 0 0 7 7 0 0 0 0\n0 0 0 0 0 0 0 0 0 0\n0 0 0 0 0 0 0 0 0 0",
        "expected_output": "0 0 7\n0 6 8\n7 8 4",
        "transformed_output": "0 0 7\n0 6 8\n7 8 4",
        "match": true,
        "size_correct": true,
        "color_palette_correct": true,
        "correct_pixel_counts": true,
        "pixels_off": 0,
        "percent_correct": 100.0
      },
      {
        "example": 2,
        "input": "0 0 0 0 0 0 0 0 0 0\n0 1 0 0 0 0 1 0 0 0\n0 0 3 6 5 3 0 0 0 0\n0 0 5 2 2 6 0 0 0 0\n0 0 6 2 2 5 0 0 0 0\n0 0 3 5 6 3 0 0 0 0\n0 1 0 0 0 0 1 0 0 0\n0 0 0 0 0 0 0 0 0 0\n0 0 0 0 0 0 0 0 0 0\n0 0 0 0 0 0 0 0 0 0",
        "expected_output": "1 0 0\n0 3 6\n0 5 2",
        "transformed_output": "1 0 0\n0 3 6\n0 5 2",
        "match": true,
        "size_correct": true,
        "color_palette_correct": true,
        "correct_pixel_counts": true,
        "pixels_off": 0,
        "percent_correct": 100.0
      }
    ]
  },
  "best_train_results": {
    "passed": 2,
    "total": 2
  },
  "best_test_results": {
    "passed": 1,
    "total": 1
  },
  "test_solved": true
}