{
  "response_report": [
    {
      "response_file": "001-response.json",
      "token_usage": {
        "prompt": 2433,
        "candidates": 429,
        "total": 2862,
        "cached": 0
      },
      "timing": {
        "response_time": 8.583738
      }
    },
    {
      "response_file": "002-response.json",
      "token_usage": {
        "prompt": 2951,
        "candidates": 521,
        "total": 3472,
        "cached": 0
      },
      "timing": {
        "response_time": 27.088902
      }
    },
    {
      "response_file": "003-response.json",
      "token_usage": {
        "prompt": 4561,
        "candidates": 926,
        "total": 5487,
        "cached": 0
      },
      "timing": {
        "response_time": 11.650155
      }
    },
    {
      "response_file": "004-response.json",
      "token_usage": {
        "prompt": 5576,
        "candidates": 399,
        "total": 5975,
        "cached": 0
      },
      "timing": {
        "response_time": 5.611333
      }
    }
  ],
  "test_report": {
    "002": [
      {
        "example": 1,
        "input": "0 0 0 0 0 0 0 0 0 0 0 0 0 0 0 0 0 0 0 0 0 0 0 0 0 0 0 0 0 0\n4 4 4 4 4 4 4 4 4 4 4 4 4 4 4 4 4 4 4 4 4 4 4 4 4 4 4 4 4 0\n4 4 4 4 4 4 4 4 4 4 4 4 4 4 4 4 4 4 4 4 4 4 4 4 4 4 4 4 4 0\n4 4 4 4 4 4 4 4 4 4 4 4 4 4 4 4 4 4 4 4 4 4 4 4 4 4 4 4 4 0\n0 0 0 0 0 0 0 0 0 0 0 0 0 0 0 0 0 0 0 0 0 0 0 0 0 0 0 0 0 0\n0 0 0 0 0 0 0 0 0 0 0 0 8 8 8 8 8 8 8 8 8 8 8 8 8 0 0 0 0 0\n0 0 0 0 0 0 0 0 0 0 0 0 8 8 8 8 8 8 8 8 8 8 8 8 8 0 0 0 0 0\n0 0 0 0 0 0 0 0 0 0 0 0 8 8 8 8 8 8 8 8 8 8 8 8 8 0 0 0 0 0",
        "expected_output": "0 0 0 0 0 0 0 0 0 0 0 0 0 0 0 0 0 0 0 0 0 0 0 0 0 0 0 0 0 0\n4 4 4 4 4 4 4 4 4 4 4 4 4 4 4 4 4 4 4 4 4 4 4 4 4 4 4 4 4 0\n4 0 4 0 4 0 4 0 4 0 4 0 4 0 4 0 4 0 4 0 4 0 4 0 4 0 4 0 4 0\n4 4 4 4 4 4 4 4 4 4 4 4 4 4 4 4 4 4 4 4 4 4 4 4 4 4 4 4 4 0\n0 0 0 0 0 0 0 0 0 0 0 0 0 0 0 0 0 0 0 0 0 0 0 0 0 0 0 0 0 0\n0 0 0 0 0 0 0 0 0 0 0 0 8 8 8 8 8 8 8 8 8 8 8 8 8 0 0 0 0 0\n0 0 0 0 0 0 0 0 0 0 0 0 8 0 8 0 8 0 8 0 8 0 8 0 8 0 0 0 0 0\n0 0 0 0 0 0 0 0 0 0 0 0 8 8 8 8 8 8 8 8 8 8 8 8 8 0 0 0 0 0",
        "transformed_output": "0 0 0 0 0 0 0 0 0 0 0 0 0 0 0 0 0 0 0 0 0 0 0 0 0 0 0 0 0 0\n0 4 0 4 0 4 0 4 0 4 0 4 0 4 0 4 0 4 0 4 0 4 0 4 0 4 0 4 0 0\n4 0 4 0 4 0 4 0 4 0 4 0 4 0 4 0 4 0 4 0 4 0 4 0 4 0 4 0 4 0\n0 4 0 4 0 4 0 4 0 4 0 4 0 4 0 4 0 4 0 4 0 4 0 4 0 4 0 4 0 0\n0 0 0 0 0 0 0 0 0 0 0 0 0 0 0 0 0 0 0 0 0 0 0 0 0 0 0 0 0 0\n0 0 0 0 0 0 0 0 0 0 0 0 0 8 0 8 0 8 0 8 0 8 0 8 0 0 0 0 0 0\n0 0 0 0 0 0 0 0 0 0 0 0 8 0 8 0 8 0 8 0 8 0 8 0 8 0 0 0 0 0\n0 0 0 0 0 0 0 0 0 0 0 0 0 8 0 8 0 8 0 8 0 8 0 8 0 0 0 0 0 0",
        "status": "FAILED",
        "size_correct": true,
        "color_palette_correct": true,
        "correct_pixel_counts": false,
        "pixels_off": 44
      },
      {
        "example": 2,
        "input": "0 0 0 0 0 0 0 0 0 0 0 0 0 0 0 0 0 0 0 0\n0 1 1 1 1 1 1 1 1 1 0 0 0 0 0 0 0 0 0 0\n0 1 1 1 1 1 1 1 1 1 0 0 0 0 0 0 0 0 0 0\n0 1 1 1 1 1 1 1 1 1 0 0 0 0 0 0 0 0 0 0\n0 0 0 0 0 0 0 0 0 0 0 0 0 0 0 0 0 0 0 0\n0 0 0 0 0 0 0 7 7 7 7 7 7 7 7 7 7 7 0 0\n0 0 0 0 0 0 0 7 7 7 7 7 7 7 7 7 7 7 0 0\n0 0 0 0 0 0 0 7 7 7 7 7 7 7 7 7 7 7 0 0",
        "expected_output": "0 0 0 0 0 0 0 0 0 0 0 0 0 0 0 0 0 0 0 0\n0 1 1 1 1 1 1 1 1 1 0 0 0 0 0 0 0 0 0 0\n0 1 0 1 0 1 0 1 0 1 0 0 0 0 0 0 0 0 0 0\n0 1 1 1 1 1 1 1 1 1 0 0 0 0 0 0 0 0 0 0\n0 0 0 0 0 0 0 0 0 0 0 0 0 0 0 0 0 0 0 0\n0 0 0 0 0 0 0 7 7 7 7 7 7 7 7 7 7 7 0 0\n0 0 0 0 0 0 0 7 0 7 0 7 0 7 0 7 0 7 0 0\n0 0 0 0 0 0 0 7 7 7 7 7 7 7 7 7 7 7 0 0",
        "transformed_output": "",
        "status": "ERROR: zero-size array to reduction operation minimum which has no identity",
        "size_correct": "N/A",
        "color_palette_correct": "N/A",
        "correct_pixel_counts": "N/A",
        "pixels_off": "N/A"
      }
    ],
    "003": [
      {
        "example": 1,
        "input": "0 0 0 0 0 0 0 0 0 0 0 0 0 0 0 0 0 0 0 0 0 0 0 0 0 0 0 0 0 0\n4 4 4 4 4 4 4 4 4 4 4 4 4 4 4 4 4 4 4 4 4 4 4 4 4 4 4 4 4 0\n4 4 4 4 4 4 4 4 4 4 4 4 4 4 4 4 4 4 4 4 4 4 4 4 4 4 4 4 4 0\n4 4 4 4 4 4 4 4 4 4 4 4 4 4 4 4 4 4 4 4 4 4 4 4 4 4 4 4 4 0\n0 0 0 0 0 0 0 0 0 0 0 0 0 0 0 0 0 0 0 0 0 0 0 0 0 0 0 0 0 0\n0 0 0 0 0 0 0 0 0 0 0 0 8 8 8 8 8 8 8 8 8 8 8 8 8 0 0 0 0 0\n0 0 0 0 0 0 0 0 0 0 0 0 8 8 8 8 8 8 8 8 8 8 8 8 8 0 0 0 0 0\n0 0 0 0 0 0 0 0 0 0 0 0 8 8 8 8 8 8 8 8 8 8 8 8 8 0 0 0 0 0",
        "expected_output": "0 0 0 0 0 0 0 0 0 0 0 0 0 0 0 0 0 0 0 0 0 0 0 0 0 0 0 0 0 0\n4 4 4 4 4 4 4 4 4 4 4 4 4 4 4 4 4 4 4 4 4 4 4 4 4 4 4 4 4 0\n4 0 4 0 4 0 4 0 4 0 4 0 4 0 4 0 4 0 4 0 4 0 4 0 4 0 4 0 4 0\n4 4 4 4 4 4 4 4 4 4 4 4 4 4 4 4 4 4 4 4 4 4 4 4 4 4 4 4 4 0\n0 0 0 0 0 0 0 0 0 0 0 0 0 0 0 0 0 0 0 0 0 0 0 0 0 0 0 0 0 0\n0 0 0 0 0 0 0 0 0 0 0 0 8 8 8 8 8 8 8 8 8 8 8 8 8 0 0 0 0 0\n0 0 0 0 0 0 0 0 0 0 0 0 8 0 8 0 8 0 8 0 8 0 8 0 8 0 0 0 0 0\n0 0 0 0 0 0 0 0 0 0 0 0 8 8 8 8 8 8 8 8 8 8 8 8 8 0 0 0 0 0",
        "transformed_output": "0 0 0 0 0 0 0 0 0 0 0 0 0 0 0 0 0 0 0 0 0 0 0 0 0 0 0 0 0 0\n4 4 4 4 4 4 4 4 4 4 4 4 4 4 4 4 4 4 4 4 4 4 4 4 4 4 4 4 4 0\n4 4 4 4 4 4 4 4 4 4 4 4 4 4 4 4 4 4 4 4 4 4 4 4 4 4 4 4 4 0\n4 4 4 4 4 4 4 4 4 4 4 4 4 4 4 4 4 4 4 4 4 4 4 4 4 4 4 4 4 0\n0 0 0 0 0 0 0 0 0 0 0 0 0 0 0 0 0 0 0 0 0 0 0 0 0 0 0 0 0 0\n0 0 0 0 0 0 0 0 0 0 0 0 8 8 8 8 8 8 8 8 8 8 8 8 8 0 0 0 0 0\n0 0 0 0 0 0 0 0 0 0 0 0 8 8 8 8 8 8 8 8 8 8 8 8 8 0 0 0 0 0\n0 0 0 0 0 0 0 0 0 0 0 0 8 8 8 8 8 8 8 8 8 8 8 8 8 0 0 0 0 0",
        "status": "FAILED",
        "size_correct": true,
        "color_palette_correct": true,
        "correct_pixel_counts": false,
        "pixels_off": 20
      },
      {
        "example": 2,
        "input": "0 0 0 0 0 0 0 0 0 0 0 0 0 0 0 0 0 0 0 0\n0 1 1 1 1 1 1 1 1 1 0 0 0 0 0 0 0 0 0 0\n0 1 1 1 1 1 1 1 1 1 0 0 0 0 0 0 0 0 0 0\n0 1 1 1 1 1 1 1 1 1 0 0 0 0 0 0 0 0 0 0\n0 0 0 0 0 0 0 0 0 0 0 0 0 0 0 0 0 0 0 0\n0 0 0 0 0 0 0 7 7 7 7 7 7 7 7 7 7 7 0 0\n0 0 0 0 0 0 0 7 7 7 7 7 7 7 7 7 7 7 0 0\n0 0 0 0 0 0 0 7 7 7 7 7 7 7 7 7 7 7 0 0",
        "expected_output": "0 0 0 0 0 0 0 0 0 0 0 0 0 0 0 0 0 0 0 0\n0 1 1 1 1 1 1 1 1 1 0 0 0 0 0 0 0 0 0 0\n0 1 0 1 0 1 0 1 0 1 0 0 0 0 0 0 0 0 0 0\n0 1 1 1 1 1 1 1 1 1 0 0 0 0 0 0 0 0 0 0\n0 0 0 0 0 0 0 0 0 0 0 0 0 0 0 0 0 0 0 0\n0 0 0 0 0 0 0 7 7 7 7 7 7 7 7 7 7 7 0 0\n0 0 0 0 0 0 0 7 0 7 0 7 0 7 0 7 0 7 0 0\n0 0 0 0 0 0 0 7 7 7 7 7 7 7 7 7 7 7 0 0",
        "transformed_output": "0 0 0 0 0 0 0 0 0 0 0 0 0 0 0 0 0 0 0 0\n0 1 0 1 0 1 0 1 0 1 0 0 0 0 0 0 0 0 0 0\n0 0 1 0 1 0 1 0 1 0 0 0 0 0 0 0 0 0 0 0\n0 1 0 1 0 1 0 1 0 1 0 0 0 0 0 0 0 0 0 0\n0 0 0 0 0 0 0 0 0 0 0 0 0 0 0 0 0 0 0 0\n0 0 0 0 0 0 0 7 0 7 0 7 0 7 0 7 0 7 0 0\n0 0 0 0 0 0 0 0 7 0 7 0 7 0 7 0 7 0 0 0\n0 0 0 0 0 0 0 7 0 7 0 7 0 7 0 7 0 7 0 0",
        "status": "FAILED",
        "size_correct": true,
        "color_palette_correct": true,
        "correct_pixel_counts": false,
        "pixels_off": 38
      }
    ],
    "004": [
      {
        "example": 1,
        "input": "0 0 0 0 0 0 0 0 0 0 0 0 0 0 0 0 0 0 0 0 0 0 0 0 0 0 0 0 0 0\n4 4 4 4 4 4 4 4 4 4 4 4 4 4 4 4 4 4 4 4 4 4 4 4 4 4 4 4 4 0\n4 4 4 4 4 4 4 4 4 4 4 4 4 4 4 4 4 4 4 4 4 4 4 4 4 4 4 4 4 0\n4 4 4 4 4 4 4 4 4 4 4 4 4 4 4 4 4 4 4 4 4 4 4 4 4 4 4 4 4 0\n0 0 0 0 0 0 0 0 0 0 0 0 0 0 0 0 0 0 0 0 0 0 0 0 0 0 0 0 0 0\n0 0 0 0 0 0 0 0 0 0 0 0 8 8 8 8 8 8 8 8 8 8 8 8 8 0 0 0 0 0\n0 0 0 0 0 0 0 0 0 0 0 0 8 8 8 8 8 8 8 8 8 8 8 8 8 0 0 0 0 0\n0 0 0 0 0 0 0 0 0 0 0 0 8 8 8 8 8 8 8 8 8 8 8 8 8 0 0 0 0 0",
        "expected_output": "0 0 0 0 0 0 0 0 0 0 0 0 0 0 0 0 0 0 0 0 0 0 0 0 0 0 0 0 0 0\n4 4 4 4 4 4 4 4 4 4 4 4 4 4 4 4 4 4 4 4 4 4 4 4 4 4 4 4 4 0\n4 0 4 0 4 0 4 0 4 0 4 0 4 0 4 0 4 0 4 0 4 0 4 0 4 0 4 0 4 0\n4 4 4 4 4 4 4 4 4 4 4 4 4 4 4 4 4 4 4 4 4 4 4 4 4 4 4 4 4 0\n0 0 0 0 0 0 0 0 0 0 0 0 0 0 0 0 0 0 0 0 0 0 0 0 0 0 0 0 0 0\n0 0 0 0 0 0 0 0 0 0 0 0 8 8 8 8 8 8 8 8 8 8 8 8 8 0 0 0 0 0\n0 0 0 0 0 0 0 0 0 0 0 0 8 0 8 0 8 0 8 0 8 0 8 0 8 0 0 0 0 0\n0 0 0 0 0 0 0 0 0 0 0 0 8 8 8 8 8 8 8 8 8 8 8 8 8 0 0 0 0 0",