{
  "response_report": [
    {
      "response_file": "001-response.json",
      "token_usage": {
        "prompt": 1837,
        "candidates": 402,
        "total": 2239,
        "cached": 0
      },
      "response_time": 6.172071
    },
    {
      "response_file": "002-response.json",
      "token_usage": {
        "prompt": 2101,
        "candidates": 206,
        "total": 2307,
        "cached": 0
      },
      "response_time": 3.424566
    }
  ],
  "test_report": {
    "002-py_01-test": [
      {
        "example": 1,
        "input": "3 3 3 3 3 3\n5 5 5 5 5 5\n5 5 5 5 5 5\n0 0 0 0 0 0\n0 0 0 0 0 0\n0 0 0 0 0 0\n0 0 0 0 0 0\n0 0 0 0 0 0\n0 0 0 0 0 0\n0 0 0 0 0 0",
        "expected_output": "3 3 3 3 3 3\n5 5 5 5 5 5\n5 5 5 5 5 5\n0 0 0 0 0 0\n0 0 0 0 0 0\n0 0 0 0 0 0\n0 0 0 0 0 0\n5 5 5 5 5 5\n5 5 5 5 5 5\n3 3 3 3 3 3",
        "transformed_output": "3 3 3 3 3 3\n5 5 5 5 5 5\n5 5 5 5 5 5\n0 0 0 0 0 0\n0 0 0 0 0 0\n0 0 0 0 0 0\n0 0 0 0 0 0\n5 5 5 5 5 5\n5 5 5 5 5 5\n3 3 3 3 3 3",
        "match": true,
        "size_correct": true,
        "color_palette_correct": true,
        "correct_pixel_counts": true,
        "pixels_off": 0,
        "percent_correct": 100.0
      }
    ],
    "002-py_01-train": [
      {
        "example": 1,
        "input": "2 2 2\n2 2 2\n3 3 3\n0 0 0\n0 0 0\n0 0 0\n0 0 0\n0 0 0\n0 0 0\n0 0 0",
        "expected_output": "2 2 2\n2 2 2\n3 3 3\n0 0 0\n0 0 0\n0 0 0\n0 0 0\n3 3 3\n2 2 2\n2 2 2",
        "transformed_output": "2 2 2\n2 2 2\n3 3 3\n0 0 0\n0 0 0\n0 0 0\n0 0 0\n3 3 3\n2 2 2\n2 2 2",
        "match": true,
        "size_correct": true,
        "color_palette_correct": true,
        "correct_pixel_counts": true,
        "pixels_off": 0,
        "percent_correct": 100.0
      },
      {
        "example": 2,
        "input": "2 2 2 2 2\n8 8 8 8 8\n0 0 0 0 0\n0 0 0 0 0\n0 0 0 0 0\n0 0 0 0 0\n0 0 0 0 0\n0 0 0 0 0\n0 0 0 0 0\n0 0 0 0 0",
        "expected_output": "2 2 2 2 2\n8 8 8 8 8\n0 0 0 0 0\n0 0 0 0 0\n0 0 0 0 0\n0 0 0 0 0\n0 0 0 0 0\n0 0 0 0 0\n8 8 8 8 8\n2 2 2 2 2",
        "transformed_output": "2 2 2 2 2\n8 8 8 8 8\n0 0 0 0 0\n0 0 0 0 0\n0 0 0 0 0\n0 0 0 0 0\n0 0 0 0 0\n0 0 0 0 0\n8 8 8 8 8\n2 2 2 2 2",
        "match": true,
        "size_correct": true,
        "color_palette_correct": true,
        "correct_pixel_counts": true,
        "pixels_off": 0,
        "percent_correct": 100.0
      }
    ]
  },
  "best_train_results": {
    "passed": 2,
    "total": 2
  },
  "best_test_results": {
    "passed": 1,
    "total": 1
  },
  "test_solved": true
}