{
  "response_report": [
    {
      "response_file": "001-response.json",
      "token_usage": {
        "prompt": 1877,
        "candidates": 336,
        "total": 2213,
        "cached": 0
      },
      "response_time": 5.605219
    },
    {
      "response_file": "002-response.json",
      "token_usage": {
        "prompt": 2074,
        "candidates": 218,
        "total": 2292,
        "cached": 0
      },
      "response_time": 3.341258
    }
  ],
  "test_report": {
    "002-py_01-test": [
      {
        "example": 1,
        "input": "0 0 0 0\n0 0 0 0\n0 0 0 0\n0 0 0 0\n0 0 0 0\n0 1 0 0\n7 1 0 0\n7 1 3 0\n7 1 3 3\n7 1 4 4",
        "expected_output": "7 1 4 4\n7 1 3 3\n7 1 3 0\n7 1 0 0\n0 1 0 0\n0 1 0 0\n7 1 0 0\n7 1 3 0\n7 1 3 3\n7 1 4 4",
        "transformed_output": "7 1 4 4\n7 1 3 3\n7 1 3 0\n7 1 0 0\n0 1 0 0\n0 1 0 0\n7 1 0 0\n7 1 3 0\n7 1 3 3\n7 1 4 4",
        "match": true,
        "size_correct": true,
        "color_palette_correct": true,
        "correct_pixel_counts": true,
        "pixels_off": 0,
        "percent_correct": 100.0
      }
    ],
    "002-py_01-train": [
      {
        "example": 1,
        "input": "0 0 0 0\n0 0 0 0\n0 0 0 0\n0 0 0 0\n0 0 0 0\n0 0 0 9\n0 0 3 9\n0 0 3 9\n2 0 3 9\n2 4 3 9",
        "expected_output": "2 4 3 9\n2 0 3 9\n0 0 3 9\n0 0 3 9\n0 0 0 9\n0 0 0 9\n0 0 3 9\n0 0 3 9\n2 0 3 9\n2 4 3 9",
        "transformed_output": "2 4 3 9\n2 0 3 9\n0 0 3 9\n0 0 3 9\n0 0 0 9\n0 0 0 9\n0 0 3 9\n0 0 3 9\n2 0 3 9\n2 4 3 9",
        "match": true,
        "size_correct": true,
        "color_palette_correct": true,
        "correct_pixel_counts": true,
        "pixels_off": 0,
        "percent_correct": 100.0
      },
      {
        "example": 2,
        "input": "0 0 0 0\n0 0 0 0\n0 0 0 0\n0 0 0 0\n0 0 0 0\n0 0 0 2\n0 0 0 2\n0 8 0 2\n0 3 8 2\n3 3 8 2",
        "expected_output": "3 3 8 2\n0 3 8 2\n0 8 0 2\n0 0 0 2\n0 0 0 2\n0 0 0 2\n0 0 0 2\n0 8 0 2\n0 3 8 2\n3 3 8 2",
        "transformed_output": "3 3 8 2\n0 3 8 2\n0 8 0 2\n0 0 0 2\n0 0 0 2\n0 0 0 2\n0 0 0 2\n0 8 0 2\n0 3 8 2\n3 3 8 2",
        "match": true,
        "size_correct": true,
        "color_palette_correct": true,
        "correct_pixel_counts": true,
        "pixels_off": 0,
        "percent_correct": 100.0
      }
    ]
  },
  "best_train_results": {
    "passed": 2,
    "total": 2
  },
  "best_test_results": {
    "passed": 1,
    "total": 1
  },
  "test_solved": true
}