{
  "usage_metadata": {
    "prompt_token_count": 1551,
    "total_token_count": 1551,
    "cached_content_token_count": 0,
    "candidates_token_count": 0
  },
  "candidates": [],
  "token_totals": {
    "prompt": 13344,
    "candidates": 8107,
    "total": 21451,
    "cached": 0
  },
  "timing": {
    "response_time": 194.184146,
    "total_elapsed": 322.646142,
    "response_times": [
      9.246841,
      9.53803,
      8.468336,
      50.385223,
      11.864721,
      10.47519,
      27.773704,
      194.184146
    ]
  }
}