{
  "response_report": [
    {
      "response_file": "004-response.json",
      "token_usage": {
        "prompt": 130791,
        "candidates": 21082,
        "total": 151873,
        "cached": 0
      },
      "timing": {
        "response_time": 0.000116,
        "total_elapsed": 298.231104,
        "response_times": [
          0.000387,
          0.000171,
          0.000203,
          0.000133,
          0.000309,
          0.00012,
          0.000117,
          0.000114,
          0.000306,
          0.000117,
          0.000281,
          0.00041,
          0.000294,
          0.000131,
          0.000267,
          0.000304,
          0.000272,
          0.000115,
          0.000281,
          0.000117,
          0.000115,
          0.000116,
          0.000143,
          0.000138,
          0.000281,
          0.000118,
          0.000118,
          0.000117,
          0.00012,
          0.000122,
          0.000374,
          0.000118,
          0.000464,
          0.000116
        ]
      }
    },
    {
      "response_file": "001-response.json",
      "token_usage": {
        "prompt": 122702,
        "candidates": 20131,
        "total": 142833,
        "cached": 0
      },
      "timing": {
        "response_time": 0.000374,
        "total_elapsed": 282.408846,
        "response_times": [
          0.000387,
          0.000171,
          0.000203,
          0.000133,
          0.000309,
          0.00012,
          0.000117,
          0.000114,
          0.000306,
          0.000117,
          0.000281,
          0.00041,
          0.000294,
          0.000131,
          0.000267,
          0.000304,
          0.000272,
          0.000115,
          0.000281,
          0.000117,
          0.000115,
          0.000116,
          0.000143,
          0.000138,
          0.000281,
          0.000118,
          0.000118,
          0.000117,
          0.00012,
          0.000122,
          0.000374
        ]
      }
    },
    {
      "response_file": "005-response.json",
      "token_usage": {
        "prompt": 134874,
        "candidates": 21526,
        "total": 156400,
        "cached": 0
      },
      "timing": {
        "response_time": 0.000224,
        "total_elapsed": 305.861445,
        "response_times": [
          0.000387,
          0.000171,
          0.000203,
          0.000133,
          0.000309,
          0.00012,
          0.000117,
          0.000114,
          0.000306,
          0.000117,
          0.000281,
          0.00041,
          0.000294,
          0.000131,
          0.000267,
          0.000304,
          0.000272,
          0.000115,
          0.000281,
          0.000117,
          0.000115,
          0.000116,
          0.000143,
          0.000138,
          0.000281,
          0.000118,
          0.000118,
          0.000117,
          0.00012,
          0.000122,
          0.000374,
          0.000118,
          0.000464,
          0.000116,
          0.000224
        ]
      }
    },
    {
      "response_file": "002-response.json",
      "token_usage": {
        "prompt": 124712,
        "candidates": 20387,
        "total": 145099,
        "cached": 0
      },
      "timing": {
        "response_time": 0.000118,
        "total_elapsed": 286.541435,
        "response_times": [
          0.000387,
          0.000171,
          0.000203,
          0.000133,
          0.000309,
          0.00012,
          0.000117,
          0.000114,
          0.000306,
          0.000117,
          0.000281,
          0.00041,
          0.000294,
          0.000131,
          0.000267,
          0.000304,
          0.000272,
          0.000115,
          0.000281,
          0.000117,
          0.000115,
          0.000116,
          0.000143,
          0.000138,
          0.000281,
          0.000118,
          0.000118,
          0.000117,
          0.00012,
          0.000122,
          0.000374,
          0.000118
        ]
      }
    },
    {
      "response_file": "006-response.json",
      "token_usage": {
        "prompt": 139495,
        "candidates": 21805,
        "total": 161300,
        "cached": 0
      },
      "timing": {
        "response_time": 0.000117,
        "total_elapsed": 353.013544,
        "response_times": [
          0.000387,
          0.000171,
          0.000203,
          0.000133,
          0.000309,
          0.00012,
          0.000117,
          0.000114,
          0.000306,
          0.000117,
          0.000281,
          0.00041,
          0.000294,
          0.000131,
          0.000267,
          0.000304,
          0.000272,
          0.000115,
          0.000281,
          0.000117,
          0.000115,
          0.000116,
          0.000143,
          0.000138,
          0.000281,
          0.000118,
          0.000118,
          0.000117,
          0.00012,
          0.000122,
          0.000374,
          0.000118,
          0.000464,
          0.000116,
          0.000224,
          0.000117
        ]
      }
    },
    {
      "response_file": "003-response.json",
      "token_usage": {
        "prompt": 127492,
        "candidates": 20812,
        "total": 148304,
        "cached": 0
      },
      "timing": {
        "response_time": 0.000464,
        "total_elapsed": 293.340439,
        "response_times": [
          0.000387,
          0.000171,
          0.000203,
          0.000133,
          0.000309,
          0.00012,
          0.000117,
          0.000114,
          0.000306,
          0.000117,
          0.000281,
          0.00041,
          0.000294,
          0.000131,
          0.000267,
          0.000304,
          0.000272,
          0.000115,
          0.000281,
          0.000117,
          0.000115,
          0.000116,
          0.000143,
          0.000138,
          0.000281,
          0.000118,
          0.000118,
          0.000117,
          0.00012,
          0.000122,
          0.000374,
          0.000118,
          0.000464
        ]
      }
    }
  ],
  "test_report": {
    "004": [
      {
        "example": 1,
        "input": "1 0 0 5 0 1 0\n0 1 0 5 1 1 1\n1 0 0 5 0 0 0",
        "expected_output": "0 0 0\n0 2 0\n0 0 0",
        "transformed_output": "0 2 0\n0 2 0\n0 2 0",
        "status": "FAILED"
      },
      {
        "example": 2,
        "input": "1 1 0 5 0 1 0\n0 0 1 5 1 1 1\n1 1 0 5 0 1 0",
        "expected_output": "0 2 0\n0 0 2\n0 2 0",
        "transformed_output": "0 2 0\n0 2 0\n0 2 0",
        "status": "FAILED"
      },
      {
        "example": 3,
        "input": "0 0 1 5 0 0 0\n1 1 0 5 1 0 1\n0 1 1 5 1 0 1",
        "expected_output": "0 0 0\n2 0 0\n0 0 2",
        "transformed_output": "0 2 0\n0 2 0\n0 2 0",
        "status": "FAILED"
      }
    ],
    "006": [
      {
        "example": 1,
        "input": "1 0 0 5 0 1 0\n0 1 0 5 1 1 1\n1 0 0 5 0 0 0",
        "expected_output": "0 0 0\n0 2 0\n0 0 0",
        "transformed_output": "0 0 2\n0 2 0\n2 0 0",
        "status": "FAILED"
      },
      {
        "example": 2,
        "input": "1 1 0 5 0 1 0\n0 0 1 5 1 1 1\n1 1 0 5 0 1 0",
        "expected_output": "0 2 0\n0 0 2\n0 2 0",
        "transformed_output": "0 0 2\n0 2 0\n2 0 0",
        "status": "FAILED"
      },
      {
        "example": 3,
        "input": "0 0 1 5 0 0 0\n1 1 0 5 1 0 1\n0 1 1 5 1 0 1",
        "expected_output": "0 0 0\n2 0 0\n0 0 2",
        "transformed_output": "0 0 2\n0 2 0\n2 0 0",
        "status": "FAILED"
      }
    ],
    "002": [
      {
        "example": 1,
        "input": "1 0 0 5 0 1 0\n0 1 0 5 1 1 1\n1 0 0 5 0 0 0",
        "expected_output": "0 0 0\n0 2 0\n0 0 0",
        "transformed_output": "0 0 0\n0 2 0\n0 0 0",
        "status": "PASSED"
      },
      {
        "example": 2,
        "input": "1 1 0 5 0 1 0\n0 0 1 5 1 1 1\n1 1 0 5 0 1 0",
        "expected_output": "0 2 0\n0 0 2\n0 2 0",
        "transformed_output": "0 0 0\n0 2 0\n0 0 0",
        "status": "FAILED"
      },
      {
        "example": 3,