{
  "response_report": [
    {
      "response_file": "004-response.json",
      "token_usage": {
        "prompt": 71884,
        "candidates": 12823,
        "total": 84707,
        "cached": 0
      },
      "timing": {
        "response_time": 0.000117,
        "total_elapsed": 170.748319,
        "response_times": [
          0.000387,
          0.000171,
          0.000203,
          0.000133,
          0.000309,
          0.00012,
          0.000117,
          0.000114,
          0.000306,
          0.000117,
          0.000281,
          0.00041,
          0.000294,
          0.000131,
          0.000267,
          0.000304,
          0.000272,
          0.000115,
          0.000281,
          0.000117
        ]
      }
    },
    {
      "response_file": "001-response.json",
      "token_usage": {
        "prompt": 63474,
        "candidates": 11716,
        "total": 75190,
        "cached": 0
      },
      "timing": {
        "response_time": 0.000272,
        "total_elapsed": 144.410577,
        "response_times": [
          0.000387,
          0.000171,
          0.000203,
          0.000133,
          0.000309,
          0.00012,
          0.000117,
          0.000114,
          0.000306,
          0.000117,
          0.000281,
          0.00041,
          0.000294,
          0.000131,
          0.000267,
          0.000304,
          0.000272
        ]
      }
    },
    {
      "response_file": "005-response.json",
      "token_usage": {
        "prompt": 76142,
        "candidates": 13620,
        "total": 89762,
        "cached": 0
      },
      "timing": {
        "response_time": 0.000115,
        "total_elapsed": 178.531497,
        "response_times": [
          0.000387,
          0.000171,
          0.000203,
          0.000133,
          0.000309,
          0.00012,
          0.000117,
          0.000114,
          0.000306,
          0.000117,
          0.000281,
          0.00041,
          0.000294,
          0.000131,
          0.000267,
          0.000304,
          0.000272,
          0.000115,
          0.000281,
          0.000117,
          0.000115
        ]
      }
    },
    {
      "response_file": "008-response.json",
      "token_usage": {
        "prompt": 94558,
        "candidates": 15583,
        "total": 110141,
        "cached": 0
      },
      "timing": {
        "response_time": 0.000138,
        "total_elapsed": 215.532788,
        "response_times": [
          0.000387,
          0.000171,
          0.000203,
          0.000133,
          0.000309,
          0.00012,
          0.000117,
          0.000114,
          0.000306,
          0.000117,
          0.000281,
          0.00041,
          0.000294,
          0.000131,
          0.000267,
          0.000304,
          0.000272,
          0.000115,
          0.000281,
          0.000117,
          0.000115,
          0.000116,
          0.000143,
          0.000138
        ]
      }
    },
    {
      "response_file": "002-response.json",
      "token_usage": {
        "prompt": 65552,
        "candidates": 12023,
        "total": 77575,
        "cached": 0
      },
      "timing": {
        "response_time": 0.000115,
        "total_elapsed": 161.431486,
        "response_times": [
          0.000387,
          0.000171,
          0.000203,
          0.000133,
          0.000309,
          0.00012,
          0.000117,
          0.000114,
          0.000306,
          0.000117,
          0.000281,
          0.00041,
          0.000294,
          0.000131,
          0.000267,
          0.000304,
          0.000272,
          0.000115
        ]
      }
    },
    {
      "response_file": "007-response.json",
      "token_usage": {
        "prompt": 87369,
        "candidates": 15078,
        "total": 102447,
        "cached": 0
      },
      "timing": {
        "response_time": 0.000143,
        "total_elapsed": 194.578713,
        "response_times": [
          0.000387,
          0.000171,
          0.000203,
          0.000133,
          0.000309,
          0.00012,
          0.000117,
          0.000114,
          0.000306,
          0.000117,
          0.000281,
          0.00041,
          0.000294,
          0.000131,
          0.000267,
          0.000304,
          0.000272,
          0.000115,
          0.000281,
          0.000117,
          0.000115,
          0.000116,
          0.000143
        ]
      }
    },
    {
      "response_file": "006-response.json",
      "token_usage": {
        "prompt": 81290,
        "candidates": 14061,
        "total": 95351,
        "cached": 0
      },
      "timing": {
        "response_time": 0.000116,
        "total_elapsed": 183.95758,
        "response_times": [
          0.000387,
          0.000171,
          0.000203,
          0.000133,
          0.000309,
          0.00012,
          0.000117,
          0.000114,
          0.000306,
          0.000117,
          0.000281,
          0.00041,
          0.000294,
          0.000131,
          0.000267,
          0.000304,
          0.000272,
          0.000115,
          0.000281,
          0.000117,
          0.000115,
          0.000116
        ]
      }
    },
    {
      "response_file": "003-response.json",
      "token_usage": {
        "prompt": 68427,
        "candidates": 12512,
        "total": 80939,
        "cached": 0
      },
      "timing": {
        "response_time": 0.000281,
        "total_elapsed": 166.748438,
        "response_times": [
          0.000387,
          0.000171,
          0.000203,
          0.000133,
          0.000309,
          0.00012,
          0.000117,
          0.000114,
          0.000306,
          0.000117,
          0.000281,
          0.00041,
          0.000294,
          0.000131,
          0.000267,
          0.000304,
          0.000272,
          0.000115,
          0.000281
        ]
      }
    }
  ],
  "test_report": {
    "007": [
      {
        "example": 1,
        "input": "3 1 2\n3 1 2\n3 1 2",
        "expected_output": "4 5 6\n4 5 6\n4 5 6",
        "transformed_output": "2 5 6\n2 5 6\n2 5 6",
        "status": "FAILED"
      },
      {
        "example": 2,
        "input": "2 3 8\n2 3 8\n2 3 8",
        "expected_output": "6 4 9\n6 4 9\n6 4 9",
        "transformed_output": "6 2 7\n6 2 7\n6 2 7",
        "status": "FAILED"
      },
      {
        "example": 3,
        "input": "5 8 6\n5 8 6\n5 8 6",
        "expected_output": "1 9 2\n1 9 2\n1 9 2",
        "transformed_output": "1 7 2\n1 7 2\n1 7 2",
        "status": "FAILED"
      },
      {
        "example": 4,
        "input": "9 4 2\n9 4 2\n9 4 2",
        "expected_output": "8 3 6\n8 3 6\n8 3 6",
        "transformed_output": "8 3 6\n8 3 6\n8 3 6",
        "status": "PASSED"
      }
    ],
    "005": [
      {
        "example": 1,
        "input": "3 1 2\n3 1 2\n3 1 2",
        "expected_output": "4 5 6\n4 5 6\n4 5 6",
        "transformed_output": "3 1 2\n3 1 2\n3 1 2",
        "status": "FAILED"
      },
      {
        "example": 2,
        "input": "2 3 8\n2 3 8\n2 3 8",
        "expected_output": "6 4 9\n6 4 9\n6 4 9",
        "transformed_output": "2 3 9\n2 3 9\n2 3 9",
        "status": "FAILED"
      },
      {
        "example": 3,
        "input": "5 8 6\n5 8 6\n5 8 6",
        "expected_output": "1 9 2\n1 9 2\n1 9 2",
        "transformed_output": "1 9 2\n1 9 2\n1 9 2",
        "status": "PASSED"
      },
      {
        "example": 4,
        "input": "9 4 2\n9 4 2\n9 4 2",
        "expected_output": "8 3 6\n8 3 6\n8 3 6",
        "transformed_output": "9 4 2\n9 4 2\n9 4 2",
        "status": "FAILED"
      }
    ],
    "004": [
      {
        "example": 1,
        "input": "3 1 2\n3 1 2\n3 1 2",
        "expected_output": "4 5 6\n4 5 6\n4 5 6",
        "transformed_output": "4 1 6\n4 1 6\n4 1 6",
        "status": "FAILED"
      },
      {
        "example": 2,
        "input": "2 3 8\n2 3 8\n2 3 8",
        "expected_output": "6 4 9\n6 4 9\n6 4 9",
        "transformed_output": "6 4 9\n6 4 9\n6 4 9",