{
  "response_report": [
    {
      "response_file": "001-response.json",
      "token_usage": {
        "prompt": 60880,
        "candidates": 10693,
        "total": 71573,
        "cached": 0
      },
      "timing": {
        "response_time": 0.000319,
        "total_elapsed": 153.829813,
        "response_times": [
          0.000247,
          0.000141,
          0.000194,
          0.000122,
          0.000287,
          0.000115,
          0.000152,
          0.000121,
          0.000121,
          0.000134,
          0.000184,
          0.000118,
          0.000326,
          0.000186,
          0.000288,
          0.000113,
          0.000319
        ]
      }
    },
    {
      "response_file": "002-response.json",
      "token_usage": {
        "prompt": 62909,
        "candidates": 10924,
        "total": 73833,
        "cached": 0
      },
      "timing": {
        "response_time": 0.000116,
        "total_elapsed": 156.858179,
        "response_times": [
          0.000247,
          0.000141,
          0.000194,
          0.000122,
          0.000287,
          0.000115,
          0.000152,
          0.000121,
          0.000121,
          0.000134,
          0.000184,
          0.000118,
          0.000326,
          0.000186,
          0.000288,
          0.000113,
          0.000319,
          0.000116
        ]
      }
    },
    {
      "response_file": "003-response.json",
      "token_usage": {
        "prompt": 65659,
        "candidates": 11332,
        "total": 76991,
        "cached": 0
      },
      "timing": {
        "response_time": 0.000282,
        "total_elapsed": 195.404574,
        "response_times": [
          0.000247,
          0.000141,
          0.000194,
          0.000122,
          0.000287,
          0.000115,
          0.000152,
          0.000121,
          0.000121,
          0.000134,
          0.000184,
          0.000118,
          0.000326,
          0.000186,
          0.000288,
          0.000113,
          0.000319,
          0.000116,
          0.000282
        ]
      }
    },
    {
      "response_file": "004-response.json",
      "token_usage": {
        "prompt": 68909,
        "candidates": 11567,
        "total": 80476,
        "cached": 0
      },
      "timing": {
        "response_time": 0.000133,
        "total_elapsed": 198.227214,
        "response_times": [
          0.000247,
          0.000141,
          0.000194,
          0.000122,
          0.000287,
          0.000115,
          0.000152,
          0.000121,
          0.000121,
          0.000134,
          0.000184,
          0.000118,
          0.000326,
          0.000186,
          0.000288,
          0.000113,
          0.000319,
          0.000116,
          0.000282,
          0.000133
        ]
      }
    },
    {
      "response_file": "005-response.json",
      "token_usage": {
        "prompt": 72884,
        "candidates": 11975,
        "total": 84859,
        "cached": 0
      },
      "timing": {
        "response_time": 0.000283,
        "total_elapsed": 202.060386,
        "response_times": [
          0.000247,
          0.000141,
          0.000194,
          0.000122,
          0.000287,
          0.000115,
          0.000152,
          0.000121,
          0.000121,
          0.000134,
          0.000184,
          0.000118,
          0.000326,
          0.000186,
          0.000288,
          0.000113,
          0.000319,
          0.000116,
          0.000282,
          0.000133,
          0.000283
        ]
      }
    },
    {
      "response_file": "006-response.json",
      "token_usage": {
        "prompt": 77359,
        "candidates": 12206,
        "total": 89565,
        "cached": 0
      },
      "timing": {
        "response_time": 0.000155,
        "total_elapsed": 204.878342,
        "response_times": [
          0.000247,
          0.000141,
          0.000194,
          0.000122,
          0.000287,
          0.000115,
          0.000152,
          0.000121,
          0.000121,
          0.000134,
          0.000184,
          0.000118,
          0.000326,
          0.000186,
          0.000288,
          0.000113,
          0.000319,
          0.000116,
          0.000282,
          0.000133,
          0.000283,
          0.000155
        ]
      }
    },
    {
      "response_file": "007-response.json",
      "token_usage": {
        "prompt": 82555,
        "candidates": 12616,
        "total": 95171,
        "cached": 0
      },
      "timing": {
        "response_time": 0.000379,
        "total_elapsed": 209.126765,
        "response_times": [
          0.000247,
          0.000141,
          0.000194,
          0.000122,
          0.000287,
          0.000115,
          0.000152,
          0.000121,
          0.000121,
          0.000134,
          0.000184,
          0.000118,
          0.000326,
          0.000186,
          0.000288,
          0.000113,
          0.000319,
          0.000116,
          0.000282,
          0.000133,
          0.000283,
          0.000155,
          0.000379
        ]
      }
    },
    {
      "response_file": "008-response.json",
      "token_usage": {
        "prompt": 88252,
        "candidates": 12847,
        "total": 101099,
        "cached": 0
      },
      "timing": {
        "response_time": 0.000137,
        "total_elapsed": 211.92601,
        "response_times": [
          0.000247,
          0.000141,
          0.000194,
          0.000122,
          0.000287,
          0.000115,
          0.000152,
          0.000121,
          0.000121,
          0.000134,
          0.000184,
          0.000118,
          0.000326,
          0.000186,
          0.000288,
          0.000113,
          0.000319,
          0.000116,
          0.000282,
          0.000133,
          0.000283,
          0.000155,
          0.000379,
          0.000137
        ]
      }
    }
  ],
  "test_report": {
    "002": [
      {
        "example": 1,
        "input": "3 1 2\n3 1 2\n3 1 2",
        "expected_output": "4 5 6\n4 5 6\n4 5 6",
        "transformed_output": "4 5 6\n4 5 6\n4 5 6",
        "status": "PASSED",
        "size_correct": true,
        "color_palette_correct": true,
        "correct_pixel_counts": true,
        "pixels_off": 0
      },
      {
        "example": 2,
        "input": "2 3 8\n2 3 8\n2 3 8",
        "expected_output": "6 4 9\n6 4 9\n6 4 9",
        "transformed_output": "6 4 8\n6 4 8\n6 4 8",
        "status": "FAILED",
        "size_correct": true,
        "color_palette_correct": false,
        "correct_pixel_counts": false,
        "pixels_off": 3
      },
      {
        "example": 3,
        "input": "5 8 6\n5 8 6\n5 8 6",
        "expected_output": "1 9 2\n1 9 2\n1 9 2",
        "transformed_output": "5 8 6\n5 8 6\n5 8 6",
        "status": "FAILED",
        "size_correct": true,
        "color_palette_correct": false,
        "correct_pixel_counts": false,
        "pixels_off": 9
      },
      {
        "example": 4,
        "input": "9 4 2\n9 4 2\n9 4 2",
        "expected_output": "8 3 6\n8 3 6\n8 3 6",
        "transformed_output": "9 4 6\n9 4 6\n9 4 6",
        "status": "FAILED",
        "size_correct": true,
        "color_palette_correct": false,
        "correct_pixel_counts": false,
        "pixels_off": 6
      }
    ],
    "004": [
      {
        "example": 1,
        "input": "3 1 2\n3 1 2\n3 1 2",
        "expected_output": "4 5 6\n4 5 6\n4 5 6",
        "transformed_output": "4 1 6\n4 1 6\n4 1 6",
        "status": "FAILED",
        "size_correct": true,
        "color_palette_correct": false,
        "correct_pixel_counts": false,
        "pixels_off": 3
      },
      {
        "example": 2,
        "input": "2 3 8\n2 3 8\n2 3 8",
        "expected_output": "6 4 9\n6 4 9\n6 4 9",
        "transformed_output": "6 4 9\n6 4 9\n6 4 9",
        "status": "PASSED",
        "size_correct": true,
        "color_palette_correct": true,
        "correct_pixel_counts": true,