{
  "response_report": [
    {
      "response_file": "001-response.json",
      "token_usage": {
        "prompt": 113773,
        "candidates": 17435,
        "total": 131208,
        "cached": 0
      },
      "timing": {
        "response_time": 0.000193,
        "total_elapsed": 310.512017,
        "response_times": [
          0.000247,
          0.000141,
          0.000194,
          0.000122,
          0.000287,
          0.000115,
          0.000152,
          0.000121,
          0.000121,
          0.000134,
          0.000184,
          0.000118,
          0.000326,
          0.000186,
          0.000288,
          0.000113,
          0.000319,
          0.000116,
          0.000282,
          0.000133,
          0.000283,
          0.000155,
          0.000379,
          0.000137,
          0.000286,
          0.000113,
          0.000444,
          0.000114,
          0.000111,
          0.00012,
          0.000193
        ]
      }
    },
    {
      "response_file": "002-response.json",
      "token_usage": {
        "prompt": 115946,
        "candidates": 17772,
        "total": 133718,
        "cached": 0
      },
      "timing": {
        "response_time": 0.000327,
        "total_elapsed": 314.797068,
        "response_times": [
          0.000247,
          0.000141,
          0.000194,
          0.000122,
          0.000287,
          0.000115,
          0.000152,
          0.000121,
          0.000121,
          0.000134,
          0.000184,
          0.000118,
          0.000326,
          0.000186,
          0.000288,
          0.000113,
          0.000319,
          0.000116,
          0.000282,
          0.000133,
          0.000283,
          0.000155,
          0.000379,
          0.000137,
          0.000286,
          0.000113,
          0.000444,
          0.000114,
          0.000111,
          0.00012,
          0.000193,
          0.000327
        ]
      }
    },
    {
      "response_file": "003-response.json",
      "token_usage": {
        "prompt": 118970,
        "candidates": 18342,
        "total": 137312,
        "cached": 0
      },
      "timing": {
        "response_time": 0.000282,
        "total_elapsed": 320.845103,
        "response_times": [
          0.000247,
          0.000141,
          0.000194,
          0.000122,
          0.000287,
          0.000115,
          0.000152,
          0.000121,
          0.000121,
          0.000134,
          0.000184,
          0.000118,
          0.000326,
          0.000186,
          0.000288,
          0.000113,
          0.000319,
          0.000116,
          0.000282,
          0.000133,
          0.000283,
          0.000155,
          0.000379,
          0.000137,
          0.000286,
          0.000113,
          0.000444,
          0.000114,
          0.000111,
          0.00012,
          0.000193,
          0.000327,
          0.000282
        ]
      }
    },
    {
      "response_file": "004-response.json",
      "token_usage": {
        "prompt": 122658,
        "candidates": 18782,
        "total": 141440,
        "cached": 0
      },
      "timing": {
        "response_time": 0.000309,
        "total_elapsed": 325.500525,
        "response_times": [
          0.000247,
          0.000141,
          0.000194,
          0.000122,
          0.000287,
          0.000115,
          0.000152,
          0.000121,
          0.000121,
          0.000134,
          0.000184,
          0.000118,
          0.000326,
          0.000186,
          0.000288,
          0.000113,
          0.000319,
          0.000116,
          0.000282,
          0.000133,
          0.000283,
          0.000155,
          0.000379,
          0.000137,
          0.000286,
          0.000113,
          0.000444,
          0.000114,
          0.000111,
          0.00012,
          0.000193,
          0.000327,
          0.000282,
          0.000309
        ]
      }
    },
    {
      "response_file": "005-response.json",
      "token_usage": {
        "prompt": 127300,
        "candidates": 19349,
        "total": 146649,
        "cached": 0
      },
      "timing": {
        "response_time": 0.000249,
        "total_elapsed": 331.084942,
        "response_times": [
          0.000247,
          0.000141,
          0.000194,
          0.000122,
          0.000287,
          0.000115,
          0.000152,
          0.000121,
          0.000121,
          0.000134,
          0.000184,
          0.000118,
          0.000326,
          0.000186,
          0.000288,
          0.000113,
          0.000319,
          0.000116,
          0.000282,
          0.000133,
          0.000283,
          0.000155,
          0.000379,
          0.000137,
          0.000286,
          0.000113,
          0.000444,
          0.000114,
          0.000111,
          0.00012,
          0.000193,
          0.000327,
          0.000282,
          0.000309,
          0.000249
        ]
      }
    },
    {
      "response_file": "006-response.json",
      "token_usage": {
        "prompt": 132603,
        "candidates": 19793,
        "total": 152396,
        "cached": 0
      },
      "timing": {
        "response_time": 0.000138,
        "total_elapsed": 335.131282,
        "response_times": [
          0.000247,
          0.000141,
          0.000194,
          0.000122,
          0.000287,
          0.000115,
          0.000152,
          0.000121,
          0.000121,
          0.000134,
          0.000184,
          0.000118,
          0.000326,
          0.000186,
          0.000288,
          0.000113,
          0.000319,
          0.000116,
          0.000282,
          0.000133,
          0.000283,
          0.000155,
          0.000379,
          0.000137,
          0.000286,
          0.000113,
          0.000444,
          0.000114,
          0.000111,
          0.00012,
          0.000193,
          0.000327,
          0.000282,
          0.000309,
          0.000249,
          0.000138
        ]
      }
    }
  ],
  "test_report": {
    "002": [
      {
        "example": 1,
        "input": "1 0 0 5 0 1 0\n0 1 0 5 1 1 1\n1 0 0 5 0 0 0",
        "expected_output": "0 0 0\n0 2 0\n0 0 0",
        "transformed_output": "0 0 0\n0 2 0\n0 0 0",
        "status": "PASSED",
        "size_correct": true,
        "color_palette_correct": true,
        "correct_pixel_counts": true,
        "pixels_off": 0
      },
      {
        "example": 2,
        "input": "1 1 0 5 0 1 0\n0 0 1 5 1 1 1\n1 1 0 5 0 1 0",
        "expected_output": "0 2 0\n0 0 2\n0 2 0",
        "transformed_output": "0 0 0\n0 2 0\n0 0 0",
        "status": "FAILED",
        "size_correct": true,
        "color_palette_correct": true,
        "correct_pixel_counts": false,
        "pixels_off": 4
      },
      {
        "example": 3,
        "input": "0 0 1 5 0 0 0\n1 1 0 5 1 0 1\n0 1 1 5 1 0 1",
        "expected_output": "0 0 0\n2 0 0\n0 0 2",
        "transformed_output": "0 0 0\n0 2 0\n0 0 0",
        "status": "FAILED",
        "size_correct": true,
        "color_palette_correct": true,
        "correct_pixel_counts": false,
        "pixels_off": 3
      }
    ],
    "004": [
      {
        "example": 1,
        "input": "1 0 0 5 0 1 0\n0 1 0 5 1 1 1\n1 0 0 5 0 0 0",
        "expected_output": "0 0 0\n0 2 0\n0 0 0",
        "transformed_output": "0 0 0\n0 0 2\n0 0 0",
        "status": "FAILED",
        "size_correct": true,
        "color_palette_correct": true,
        "correct_pixel_counts": true,
        "pixels_off": 2
      },
      {
        "example": 2,
        "input": "1 1 0 5 0 1 0\n0 0 1 5 1 1 1\n1 1 0 5 0 1 0",
        "expected_output": "0 2 0\n0 0 2\n0 2 0",
        "transformed_output": "0 0 0\n2 0 2\n0 0 0",
        "status": "FAILED",
        "size_correct": true,
        "color_palette_correct": true,
        "correct_pixel_counts": false,
        "pixels_off": 3
      },
      {
        "example": 3,
        "input": "0 0 1 5 0 0 0\n1 1 0 5 1 0 1\n0 1 1 5 1 0 1",