{
  "response_report": [
    {
      "response_file": "001-response.json",
      "token_usage": {
        "prompt": 60773,
        "candidates": 10918,
        "total": 71691,
        "cached": 0
      },
      "timing": {
        "response_time": 0.000332,
        "total_elapsed": 184.823419,
        "response_times": [
          0.00036,
          0.000118,
          0.000292,
          0.000129,
          0.000292,
          0.000141,
          0.000174,
          0.000116,
          0.000376,
          0.000135,
          0.00031,
          0.000288,
          0.000116,
          0.000123,
          0.00015,
          0.000119,
          0.000332
        ]
      }
    },
    {
      "response_file": "002-response.json",
      "token_usage": {
        "prompt": 62847,
        "candidates": 11161,
        "total": 74008,
        "cached": 0
      },
      "timing": {
        "response_time": 0.000117,
        "total_elapsed": 188.05349,
        "response_times": [
          0.00036,
          0.000118,
          0.000292,
          0.000129,
          0.000292,
          0.000141,
          0.000174,
          0.000116,
          0.000376,
          0.000135,
          0.00031,
          0.000288,
          0.000116,
          0.000123,
          0.00015,
          0.000119,
          0.000332,
          0.000117
        ]
      }
    },
    {
      "response_file": "003-response.json",
      "token_usage": {
        "prompt": 65654,
        "candidates": 11635,
        "total": 77289,
        "cached": 0
      },
      "timing": {
        "response_time": 0.000317,
        "total_elapsed": 192.60293,
        "response_times": [
          0.00036,
          0.000118,
          0.000292,
          0.000129,
          0.000292,
          0.000141,
          0.000174,
          0.000116,
          0.000376,
          0.000135,
          0.00031,
          0.000288,
          0.000116,
          0.000123,
          0.00015,
          0.000119,
          0.000332,
          0.000117,
          0.000317
        ]
      }
    },
    {
      "response_file": "004-response.json",
      "token_usage": {
        "prompt": 69027,
        "candidates": 11882,
        "total": 80909,
        "cached": 0
      },
      "timing": {
        "response_time": 0.000118,
        "total_elapsed": 195.52703,
        "response_times": [
          0.00036,
          0.000118,
          0.000292,
          0.000129,
          0.000292,
          0.000141,
          0.000174,
          0.000116,
          0.000376,
          0.000135,
          0.00031,
          0.000288,
          0.000116,
          0.000123,
          0.00015,
          0.000119,
          0.000332,
          0.000117,
          0.000317,
          0.000118
        ]
      }
    },
    {
      "response_file": "005-response.json",
      "token_usage": {
        "prompt": 73137,
        "candidates": 12356,
        "total": 85493,
        "cached": 0
      },
      "timing": {
        "response_time": 0.000325,
        "total_elapsed": 227.318841,
        "response_times": [
          0.00036,
          0.000118,
          0.000292,
          0.000129,
          0.000292,
          0.000141,
          0.000174,
          0.000116,
          0.000376,
          0.000135,
          0.00031,
          0.000288,
          0.000116,
          0.000123,
          0.00015,
          0.000119,
          0.000332,
          0.000117,
          0.000317,
          0.000118,
          0.000325
        ]
      }
    },
    {
      "response_file": "006-response.json",
      "token_usage": {
        "prompt": 77813,
        "candidates": 12603,
        "total": 90416,
        "cached": 0
      },
      "timing": {
        "response_time": 0.000114,
        "total_elapsed": 230.243411,
        "response_times": [
          0.00036,
          0.000118,
          0.000292,
          0.000129,
          0.000292,
          0.000141,
          0.000174,
          0.000116,
          0.000376,
          0.000135,
          0.00031,
          0.000288,
          0.000116,
          0.000123,
          0.00015,
          0.000119,
          0.000332,
          0.000117,
          0.000317,
          0.000118,
          0.000325,
          0.000114
        ]
      }
    },
    {
      "response_file": "007-response.json",
      "token_usage": {
        "prompt": 83226,
        "candidates": 13077,
        "total": 96303,
        "cached": 0
      },
      "timing": {
        "response_time": 0.000378,
        "total_elapsed": 234.601242,
        "response_times": [
          0.00036,
          0.000118,
          0.000292,
          0.000129,
          0.000292,
          0.000141,
          0.000174,
          0.000116,
          0.000376,
          0.000135,
          0.00031,
          0.000288,
          0.000116,
          0.000123,
          0.00015,
          0.000119,
          0.000332,
          0.000117,
          0.000317,
          0.000118,
          0.000325,
          0.000114,
          0.000378
        ]
      }
    },
    {
      "response_file": "008-response.json",
      "token_usage": {
        "prompt": 89205,
        "candidates": 13324,
        "total": 102529,
        "cached": 0
      },
      "timing": {
        "response_time": 0.00012,
        "total_elapsed": 237.46032,
        "response_times": [
          0.00036,
          0.000118,
          0.000292,
          0.000129,
          0.000292,
          0.000141,
          0.000174,
          0.000116,
          0.000376,
          0.000135,
          0.00031,
          0.000288,
          0.000116,
          0.000123,
          0.00015,
          0.000119,
          0.000332,
          0.000117,
          0.000317,
          0.000118,
          0.000325,
          0.000114,
          0.000378,
          0.00012
        ]
      }
    }
  ],
  "test_report": {
    "002": [
      {
        "example": 1,
        "input": "3 1 2\n3 1 2\n3 1 2",
        "expected_output": "4 5 6\n4 5 6\n4 5 6",
        "transformed_output": "4 5 6\n4 5 6\n4 5 6",
        "status": "PASSED",
        "size_correct": true,
        "color_palette_correct": true,
        "correct_pixel_counts": true,
        "pixels_off": 0
      },
      {
        "example": 2,
        "input": "2 3 8\n2 3 8\n2 3 8",
        "expected_output": "6 4 9\n6 4 9\n6 4 9",
        "transformed_output": "6 4 8\n6 4 8\n6 4 8",
        "status": "FAILED",
        "size_correct": true,
        "color_palette_correct": false,
        "correct_pixel_counts": false,
        "pixels_off": 3
      },
      {
        "example": 3,
        "input": "5 8 6\n5 8 6\n5 8 6",
        "expected_output": "1 9 2\n1 9 2\n1 9 2",
        "transformed_output": "5 8 6\n5 8 6\n5 8 6",
        "status": "FAILED",
        "size_correct": true,
        "color_palette_correct": false,
        "correct_pixel_counts": false,
        "pixels_off": 9
      },
      {
        "example": 4,
        "input": "9 4 2\n9 4 2\n9 4 2",
        "expected_output": "8 3 6\n8 3 6\n8 3 6",
        "transformed_output": "9 4 6\n9 4 6\n9 4 6",
        "status": "FAILED",
        "size_correct": true,
        "color_palette_correct": false,
        "correct_pixel_counts": false,
        "pixels_off": 6
      }
    ],
    "004": [
      {
        "example": 1,
        "input": "3 1 2\n3 1 2\n3 1 2",
        "expected_output": "4 5 6\n4 5 6\n4 5 6",
        "transformed_output": "4 1 6\n4 1 6\n4 1 6",
        "status": "FAILED",
        "size_correct": true,
        "color_palette_correct": false,
        "correct_pixel_counts": false,
        "pixels_off": 3
      },
      {
        "example": 2,
        "input": "2 3 8\n2 3 8\n2 3 8",
        "expected_output": "6 4 9\n6 4 9\n6 4 9",
        "transformed_output": "6 4 9\n6 4 9\n6 4 9",
        "status": "PASSED",
        "size_correct": true,
        "color_palette_correct": true,
        "correct_pixel_counts": true,
        "pixels_off": 0
      },
      {
        "example": 3,